"HITId","HITTypeId","Title","Description","Keywords","Reward","CreationTime","MaxAssignments","RequesterAnnotation","AssignmentDurationInSeconds","AutoApprovalDelayInSeconds","Expiration","NumberOfSimilarHITs","LifetimeInSeconds","AssignmentId","WorkerId","AssignmentStatus","AcceptTime","SubmitTime","AutoApprovalTime","ApprovalTime","RejectionTime","RequesterFeedback","WorkTimeInSeconds","LifetimeApprovalRate","Last30DaysApprovalRate","Last7DaysApprovalRate","Input.sentences","Input.result","Answer.Tiered Reasoning for Intuitive Physics.label","Approve","Reject"
"3PGQRAZX1GGIQYXRVVPEEF3HSLKYS9","327KZ3ZBRH0E88UJA6QYT3C8Z6NPJ0","Tiered Reasoning for Intuitive Physics","Tiered Reasoning for Intuitive Physics","story, plausible, implausible","$0.06","Sat Feb 11 14:51:51 PST 2023","2","BatchId:375637;OriginalHitTemplateId:921587277;","900","259200","Mon May 22 15:51:51 PDT 2023","","","3UJ1CZ6IZWLMBTL1AVPJR213NE65S9","AOSDB00WXVME4","Approved","Sun Feb 12 09:37:05 PST 2023","Sun Feb 12 09:37:38 PST 2023","Wed Feb 15 09:37:38 PST 2023","Wed Feb 15 08:37:21 PST 2023","","","33","100% (21/21)","100% (21/21)","100% (21/21)","Scott changed his shoes and went home.Scott sat on the bench to rest.Scott put his deflated football back in the duffle bag.Scott drank some water.Scott played football so long the ball burst open.","implausible","implausible"
"356ZPKYPVVDLD6HZ3ELKJAY651DYPT","327KZ3ZBRH0E88UJA6QYT3C8Z6NPJ0","Tiered Reasoning for Intuitive Physics","Tiered Reasoning for Intuitive Physics","story, plausible, implausible","$0.06","Sat Feb 11 14:51:43 PST 2023","2","BatchId:375637;OriginalHitTemplateId:921587277;","900","259200","Mon May 22 15:51:43 PDT 2023","","","3A9AA95ATBIPY159IELPWXWS0UZ5PT","AOSDB00WXVME4","Approved","Sun Feb 12 09:34:21 PST 2023","Sun Feb 12 09:34:42 PST 2023","Wed Feb 15 09:34:42 PST 2023","Wed Feb 15 08:36:56 PST 2023","","","21","100% (21/21)","100% (21/21)","100% (21/21)","John made a cup of tea.John dumped the tea in the sink.John took a sip from the cup.John dropped the knife down the drain.John ate some cereal.","implausible","implausible"
"3GV1I4SEPNLT31SV53XLJ25T1HK6L4","327KZ3ZBRH0E88UJA6QYT3C8Z6NPJ0","Tiered Reasoning for Intuitive Physics","Tiered Reasoning for Intuitive Physics","story, plausible, implausible","$0.06","Sat Feb 11 14:51:43 PST 2023","2","BatchId:375637;OriginalHitTemplateId:921587277;","900","259200","Mon May 22 15:51:43 PDT 2023","","","3X1FV8S5JCN0JIRPLMDF6MCZCRKGVD","A27W8C25KKKFXE","Approved","Mon Feb 13 10:47:12 PST 2023","Mon Feb 13 10:47:39 PST 2023","Thu Feb 16 10:47:39 PST 2023","Wed Feb 15 08:37:11 PST 2023","","","27","98% (245/249)","98% (245/249)","100% (19/19)","John made a cup of tea.John took a sip from the cup.John dumped the tea in the sink.John dropped the knife down the drain.John ate some cereal.","plausible","plausible"
"368IUKXGBJ4JUM7TXVQS0JED6RL6P2","327KZ3ZBRH0E88UJA6QYT3C8Z6NPJ0","Tiered Reasoning for Intuitive Physics","Tiered Reasoning for Intuitive Physics","story, plausible, implausible","$0.06","Sat Feb 11 14:51:56 PST 2023","2","BatchId:375637;OriginalHitTemplateId:921587277;","900","259200","Mon May 22 15:51:56 PDT 2023","","","3YOH7BII0O35L4N8BDYU4E4SJ81VKV","A1CFIFCWT9WGJW","Approved","Mon Feb 13 14:33:17 PST 2023","Mon Feb 13 14:33:22 PST 2023","Thu Feb 16 14:33:22 PST 2023","Wed Feb 15 08:36:56 PST 2023","","","5","100% (25/25)","100% (25/25)","100% (25/25)","John took his soccer ball out of the duffle bag.John pumped the soccer ball with air.John put the soccer ball on the ground.John kicked the soccer ball to his friend.John put his duffle bag under the tree.","plausible","plausible"
"31J7RYEC0ZMYWFRYZXL4O6ECT641L1","327KZ3ZBRH0E88UJA6QYT3C8Z6NPJ0","Tiered Reasoning for Intuitive Physics","Tiered Reasoning for Intuitive Physics","story, plausible, implausible","$0.06","Sat Feb 11 14:51:56 PST 2023","2","BatchId:375637;OriginalHitTemplateId:921587277;","900","259200","Mon May 22 15:51:56 PDT 2023","","","3DPNQGW4L0BZSCJ4PD36L5ZX5TE46H","A1ZH6WKEG9JUJO","Approved","Sun Feb 12 09:44:36 PST 2023","Sun Feb 12 09:45:02 PST 2023","Wed Feb 15 09:45:02 PST 2023","Wed Feb 15 08:36:52 PST 2023","","","26","100% (6/6)","100% (6/6)","100% (6/6)","John put the soccer ball on the ground.John pumped the soccer ball with air.John took his soccer ball out of the duffle bag.John kicked the soccer ball to his friend.John put his duffle bag under the tree.","implausible","implausible"
"37SDSEDIONY3H87F58C0J1S696581M","327KZ3ZBRH0E88UJA6QYT3C8Z6NPJ0","Tiered Reasoning for Intuitive Physics","Tiered Reasoning for Intuitive Physics","story, plausible, implausible","$0.06","Sat Feb 11 14:54:18 PST 2023","2","BatchId:375637;OriginalHitTemplateId:921587277;","900","259200","Mon May 22 15:54:18 PDT 2023","","","3GFK2QRXXODFIA2AU0ZKOR4OTR25WO","A1ZH6WKEG9JUJO","Approved","Sun Feb 12 09:44:06 PST 2023","Sun Feb 12 09:44:34 PST 2023","Wed Feb 15 09:44:34 PST 2023","Wed Feb 15 08:36:59 PST 2023","","","28","100% (6/6)","100% (6/6)","100% (6/6)","Tom walked in the door.Tom stepped on a book that was left on the floor.Tom stomped on the carpet in anger.Tom picked up the radio and smashed it on the floor.Tom gave the box he was holding to his wife and apologized for his outburst.","plausible","plausible"
"3VZYA8PIU2UKN13VBR1XTCZ52OY059","327KZ3ZBRH0E88UJA6QYT3C8Z6NPJ0","Tiered Reasoning for Intuitive Physics","Tiered Reasoning for Intuitive Physics","story, plausible, implausible","$0.06","Sat Feb 11 14:54:18 PST 2023","2","BatchId:375637;OriginalHitTemplateId:921587277;","900","259200","Mon May 22 15:54:18 PDT 2023","","","3HPZF4IVN1P4606POB4GNUVEWGUCY8","A27W8C25KKKFXE","Approved","Mon Feb 13 11:39:10 PST 2023","Mon Feb 13 11:39:28 PST 2023","Thu Feb 16 11:39:28 PST 2023","Wed Feb 15 08:37:31 PST 2023","","","18","98% (245/249)","98% (245/249)","100% (19/19)","John filled the sandbox with sand.John set the sandbox by the tree.John took off his shoes.John put his shoes in the duffle bag.John got in the sandbox.","implausible","plausible"
"3G5RUKN2FQZ69KXEFNGCG40KWDS9NK","327KZ3ZBRH0E88UJA6QYT3C8Z6NPJ0","Tiered Reasoning for Intuitive Physics","Tiered Reasoning for Intuitive Physics","story, plausible, implausible","$0.06","Sat Feb 11 14:52:01 PST 2023","2","BatchId:375637;OriginalHitTemplateId:921587277;","900","259200","Mon May 22 15:52:01 PDT 2023","","","3MH9DQ757B80632PGW3AA0AGYKBGUO","A27W8C25KKKFXE","Approved","Mon Feb 13 10:45:44 PST 2023","Mon Feb 13 10:46:46 PST 2023","Thu Feb 16 10:46:46 PST 2023","Wed Feb 15 08:37:08 PST 2023","","","62","98% (245/249)","98% (245/249)","100% (19/19)","Tom turned on the stove.Tom put the pan on the stove.Tom cooked some eggs.Tom ate the eggs on the counter.Tom put ice cubes in his water.","plausible","plausible"
"3V7ICJJA0OC3B525V2FC81PATW04BU","327KZ3ZBRH0E88UJA6QYT3C8Z6NPJ0","Tiered Reasoning for Intuitive Physics","Tiered Reasoning for Intuitive Physics","story, plausible, implausible","$0.06","Sat Feb 11 14:52:01 PST 2023","2","BatchId:375637;OriginalHitTemplateId:921587277;","900","259200","Mon May 22 15:52:01 PDT 2023","","","3EQHHY4HQ7OJLOCAFVV22OI0Z3CG50","AOSDB00WXVME4","Approved","Sun Feb 12 09:34:43 PST 2023","Sun Feb 12 09:35:46 PST 2023","Wed Feb 15 09:35:46 PST 2023","Wed Feb 15 08:37:28 PST 2023","","","63","100% (21/21)","100% (21/21)","100% (21/21)","Tom cooked some eggs.Tom put the pan on the stove.Tom turned on the stove.Tom ate the eggs on the counter.Tom put ice cubes in his water.","implausible","plausible"
"3KTCJ4SCWUXI2X9JZ9MJOJT1TBU1M3","327KZ3ZBRH0E88UJA6QYT3C8Z6NPJ0","Tiered Reasoning for Intuitive Physics","Tiered Reasoning for Intuitive Physics","story, plausible, implausible","$0.06","Sat Feb 11 14:52:01 PST 2023","2","BatchId:375637;OriginalHitTemplateId:921587277;","900","259200","Mon May 22 15:52:01 PDT 2023","","","3GDTJDAPV9720GRYOW00RDCOXFP8M2","A1ZH6WKEG9JUJO","Approved","Sun Feb 12 09:43:23 PST 2023","Sun Feb 12 09:43:43 PST 2023","Wed Feb 15 09:43:43 PST 2023","Wed Feb 15 08:37:14 PST 2023","","","20","100% (6/6)","100% (6/6)","100% (6/6)","Ann sat on her chair at her desktop computer.Ann cut the note she had made out of her notebook with scissors and crumpled it up.Ann picked up a pen and made a note in her notebook.Ann threw the crumpled note into the outside bin.Ann checked her email.","implausible","implausible"
"3MDKGGG624JHME00ECZC5TFAVU66T7","327KZ3ZBRH0E88UJA6QYT3C8Z6NPJ0","Tiered Reasoning for Intuitive Physics","Tiered Reasoning for Intuitive Physics","story, plausible, implausible","$0.06","Sat Feb 11 14:52:01 PST 2023","2","BatchId:375637;OriginalHitTemplateId:921587277;","900","259200","Mon May 22 15:52:01 PDT 2023","","","3PPTZCWAL5G85RQDPF7UL6TX6PZQZI","A1CFIFCWT9WGJW","Approved","Mon Feb 13 14:32:39 PST 2023","Mon Feb 13 14:32:44 PST 2023","Thu Feb 16 14:32:44 PST 2023","Wed Feb 15 08:37:17 PST 2023","","","5","100% (25/25)","100% (25/25)","100% (25/25)","Ann sat on her chair at her desktop computer.Ann picked up a pen and made a note in her notebook.Ann cut the note she had made out of her notebook with scissors and crumpled it up.Ann threw the crumpled note into the outside bin.Ann checked her email.","plausible","plausible"
"33N1S8XHI0HI1482EYCDWLPA8FBZ1H","327KZ3ZBRH0E88UJA6QYT3C8Z6NPJ0","Tiered Reasoning for Intuitive Physics","Tiered Reasoning for Intuitive Physics","story, plausible, implausible","$0.06","Sat Feb 11 14:52:01 PST 2023","2","BatchId:375637;OriginalHitTemplateId:921587277;","900","259200","Mon May 22 15:52:01 PDT 2023","","","3Z4AIRP3CL9VJS6H3ITUNK5EQD01XS","A2JX2VIJWXHS4X","Approved","Sat Feb 11 16:27:15 PST 2023","Sat Feb 11 16:27:17 PST 2023","Tue Feb 14 16:27:17 PST 2023","Tue Feb 14 16:27:38 PST 2023","","","2","100% (13/13)","100% (13/13)","100% (13/13)","Mary looked around her living room.Mary cleaned every corner of the living room.Mary shifted the objects to one side.Mary decided to vacuum the living room.Mary replaced all the objects to their original places.","implausible","implausible"
"3LEG2HW4VTJJL8ZYWQIKYCJXOGW2FE","327KZ3ZBRH0E88UJA6QYT3C8Z6NPJ0","Tiered Reasoning for Intuitive Physics","Tiered Reasoning for Intuitive Physics","story, plausible, implausible","$0.06","Sat Feb 11 14:53:06 PST 2023","2","BatchId:375637;OriginalHitTemplateId:921587277;","900","259200","Mon May 22 15:53:06 PDT 2023","","","3WMOAN2SRQT6TA8B8QQAW6LWD36VN0","A1CFIFCWT9WGJW","Approved","Mon Feb 13 14:34:19 PST 2023","Mon Feb 13 14:34:23 PST 2023","Thu Feb 16 14:34:23 PST 2023","Wed Feb 15 08:37:17 PST 2023","","","4","100% (25/25)","100% (25/25)","100% (25/25)","John wanted dessert after his dinner.John decided on cake and a scoop of vanilla ice cream.The cake was hot and fresh from the oven.The cake melted the scoop of ice cream in his bowl.John placed the bowl in his fridge to cool his dessert down.","plausible","plausible"
"3HXCEECSR0PFRAJ5QNJMA80KF0KYZE","327KZ3ZBRH0E88UJA6QYT3C8Z6NPJ0","Tiered Reasoning for Intuitive Physics","Tiered Reasoning for Intuitive Physics","story, plausible, implausible","$0.06","Sat Feb 11 14:52:01 PST 2023","2","BatchId:375637;OriginalHitTemplateId:921587277;","900","259200","Mon May 22 15:52:01 PDT 2023","","","3RRCEFRB7185YO0ZL4KEWLLPJUPB49","AOSDB00WXVME4","Approved","Sun Feb 12 09:32:17 PST 2023","Sun Feb 12 09:32:37 PST 2023","Wed Feb 15 09:32:37 PST 2023","Wed Feb 15 08:37:11 PST 2023","","","20","100% (21/21)","100% (21/21)","100% (21/21)","Ann sat on her chair at her desktop computer.Ann picked up a pen and made a note in her notebook.Ann cut the note she had made out of her notebook with scissors and crumpled it up.Ann threw the crumpled note into the outside bin.Ann checked her email.","plausible","plausible"
"3LXX8KJXQA5OR5XQG2GPVT0PMNX9OZ","327KZ3ZBRH0E88UJA6QYT3C8Z6NPJ0","Tiered Reasoning for Intuitive Physics","Tiered Reasoning for Intuitive Physics","story, plausible, implausible","$0.06","Sat Feb 11 14:52:01 PST 2023","2","BatchId:375637;OriginalHitTemplateId:921587277;","900","259200","Mon May 22 15:52:01 PDT 2023","","","3C2NJ6JBKPDXWJA9KG6ZU1OLG5DN2K","A3STL1ULVFB8YP","Approved","Mon Feb 13 11:43:21 PST 2023","Mon Feb 13 11:43:37 PST 2023","Thu Feb 16 11:43:37 PST 2023","Wed Feb 15 08:37:17 PST 2023","","","16","100% (109/109)","100% (109/109)","100% (16/16)","John wanted dessert after his dinner.John decided on cake and a scoop of vanilla ice cream.John placed the bowl in his fridge to cool his dessert down.The cake melted the scoop of ice cream in his bowl.The cake was hot and fresh from the oven.","implausible","implausible"
"3ZQA3IO32PN620UVCP1WGNI6OB91OI","327KZ3ZBRH0E88UJA6QYT3C8Z6NPJ0","Tiered Reasoning for Intuitive Physics","Tiered Reasoning for Intuitive Physics","story, plausible, implausible","$0.06","Sat Feb 11 14:52:01 PST 2023","2","BatchId:375637;OriginalHitTemplateId:921587277;","900","259200","Mon May 22 15:52:01 PDT 2023","","","3C5W7UE9CUMSFHS6W4CS7CTHOO4MXU","A27W8C25KKKFXE","Approved","Mon Feb 13 11:40:29 PST 2023","Mon Feb 13 11:40:55 PST 2023","Thu Feb 16 11:40:55 PST 2023","Wed Feb 15 08:37:35 PST 2023","","","26","98% (245/249)","98% (245/249)","100% (19/19)","Ann checked her email.Ann picked up a pen and made a note in her notebook.Ann cut the note she had made out of her notebook with scissors and crumpled it up.Ann threw the crumpled note into the outside bin.Ann sat on her chair at her desktop computer.","implausible","plausible"
"3M47JKRKDBXYOU8CBEOHEXJNHHL86K","327KZ3ZBRH0E88UJA6QYT3C8Z6NPJ0","Tiered Reasoning for Intuitive Physics","Tiered Reasoning for Intuitive Physics","story, plausible, implausible","$0.06","Sat Feb 11 14:54:29 PST 2023","2","BatchId:375637;OriginalHitTemplateId:921587277;","900","259200","Mon May 22 15:54:29 PDT 2023","","","3MYYFCXHJI31P58A1QCSXWCMZ7E4GG","A2JX2VIJWXHS4X","Approved","Sat Feb 11 16:27:25 PST 2023","Sat Feb 11 16:27:32 PST 2023","Tue Feb 14 16:27:32 PST 2023","Tue Feb 14 16:27:38 PST 2023","","","7","100% (13/13)","100% (13/13)","100% (13/13)","Mary looked around her living room.Mary decided to vacuum the living room.Mary cleaned every corner of the living room.Mary shifted the objects to one side.Mary replaced all the objects to their original places.","plausible","plausible"
"3AC6MFV6AYET5FTGGNFYO85HP47ZHG","327KZ3ZBRH0E88UJA6QYT3C8Z6NPJ0","Tiered Reasoning for Intuitive Physics","Tiered Reasoning for Intuitive Physics","story, plausible, implausible","$0.06","Sat Feb 11 14:53:04 PST 2023","2","BatchId:375637;OriginalHitTemplateId:921587277;","900","259200","Mon May 22 15:53:04 PDT 2023","","","3YGXWBAF7FDO8TS5Z4G975R71FM4C6","A2JX2VIJWXHS4X","Approved","Sat Feb 11 16:26:54 PST 2023","Sat Feb 11 16:27:03 PST 2023","Tue Feb 14 16:27:03 PST 2023","Tue Feb 14 16:27:38 PST 2023","","","9","100% (13/13)","100% (13/13)","100% (13/13)","Ann put away the lawnmower.Ann stacked the chainsaw on top of the lawnmower.Ann threw the box in the fire.Ann threw the rope in the fire.Ann stores the bicycle next to the lawnmower.","implausible","implausible"
"39TX062QYFKP6CM20K2BNTOWYZRX3A","327KZ3ZBRH0E88UJA6QYT3C8Z6NPJ0","Tiered Reasoning for Intuitive Physics","Tiered Reasoning for Intuitive Physics","story, plausible, implausible","$0.06","Sat Feb 11 14:53:04 PST 2023","2","BatchId:375637;OriginalHitTemplateId:921587277;","900","259200","Mon May 22 15:53:04 PDT 2023","","","3FPRZHYEPD3ZP6F1Q76VNSNQ8M93VM","AOSDB00WXVME4","Approved","Sun Feb 12 09:31:43 PST 2023","Sun Feb 12 09:32:16 PST 2023","Wed Feb 15 09:32:16 PST 2023","Wed Feb 15 08:37:02 PST 2023","","","33","100% (21/21)","100% (21/21)","100% (21/21)","Mike sits down on the couch.Mike decides he wants to watch a television show.Mike picks up the remote off of the end table next to him.Mike uses it to turn on the TV.After flipping through the guide, he settles on Shark Tank on CNBC.Mike feels satisfied.","plausible","plausible"
"36FQTHX30HNIT9J1VOATYWX4FW4B3G","327KZ3ZBRH0E88UJA6QYT3C8Z6NPJ0","Tiered Reasoning for Intuitive Physics","Tiered Reasoning for Intuitive Physics","story, plausible, implausible","$0.06","Sat Feb 11 14:54:18 PST 2023","2","BatchId:375637;OriginalHitTemplateId:921587277;","900","259200","Mon May 22 15:54:18 PDT 2023","","","30IQTZXKAZ2VC3LZ7ZPU9FM4LLTX0K","A2JX2VIJWXHS4X","Approved","Sat Feb 11 16:27:11 PST 2023","Sat Feb 11 16:27:14 PST 2023","Tue Feb 14 16:27:14 PST 2023","Tue Feb 14 16:27:38 PST 2023","","","3","100% (13/13)","100% (13/13)","100% (13/13)","Ryan went into the bathroom to take a shower.Ryan turned the water on and got into the shower.Ryan got out of the shower and got dressed again.Ryan washed his hair with shampoo and conditioner.Ryan washed himself all over with soap.","implausible","implausible"
"3QO7EE3732JA0AP3TZMPB4QFPOIBQJ","327KZ3ZBRH0E88UJA6QYT3C8Z6NPJ0","Tiered Reasoning for Intuitive Physics","Tiered Reasoning for Intuitive Physics","story, plausible, implausible","$0.06","Sat Feb 11 14:54:19 PST 2023","2","BatchId:375637;OriginalHitTemplateId:921587277;","900","259200","Mon May 22 15:54:19 PDT 2023","","","33IZTU6J8GXVDC5BG18EJLSNGDMSXC","A1CFIFCWT9WGJW","Approved","Mon Feb 13 14:33:42 PST 2023","Mon Feb 13 14:33:46 PST 2023","Thu Feb 16 14:33:46 PST 2023","Wed Feb 15 08:37:23 PST 2023","","","4","100% (25/25)","100% (25/25)","100% (25/25)","Ryan went into the bathroom to take a shower.Ryan turned the water on and got into the shower.Ryan washed himself all over with soap.Ryan washed his hair with shampoo and conditioner.Ryan got out of the shower and got dressed again.","implausible","implausible"
"389A2A3052E5MMCAQ1O57I5FU5K0CH","327KZ3ZBRH0E88UJA6QYT3C8Z6NPJ0","Tiered Reasoning for Intuitive Physics","Tiered Reasoning for Intuitive Physics","story, plausible, implausible","$0.06","Sat Feb 11 14:54:33 PST 2023","2","BatchId:375637;OriginalHitTemplateId:921587277;","900","259200","Mon May 22 15:54:33 PDT 2023","","","32AT8R96G053W8BGBWXRZETJMV5SUK","A1CFIFCWT9WGJW","Approved","Mon Feb 13 14:33:02 PST 2023","Mon Feb 13 14:33:07 PST 2023","Thu Feb 16 14:33:07 PST 2023","Wed Feb 15 08:37:02 PST 2023","","","5","100% (25/25)","100% (25/25)","100% (25/25)","John had a beautiful blue bathtub in his bathroom.John reached into his cabinet to get out items for his bath.John grabbed a soap bar from the cabinet.John accidentally spilled an open container of bleach onto the floor and stepped in it.John quickly took off his socks to avoid getting burned.","implausible","implausible"
"3P7QK0GJ47HPQPQYX2CR14ZF0LPZ2Y","327KZ3ZBRH0E88UJA6QYT3C8Z6NPJ0","Tiered Reasoning for Intuitive Physics","Tiered Reasoning for Intuitive Physics","story, plausible, implausible","$0.06","Sat Feb 11 14:52:11 PST 2023","2","BatchId:375637;OriginalHitTemplateId:921587277;","900","259200","Mon May 22 15:52:11 PDT 2023","","","3LRKMWOKBKDRD8OSN4HTPOVUQJBZ23","A2JX2VIJWXHS4X","Approved","Sat Feb 11 16:27:18 PST 2023","Sat Feb 11 16:27:20 PST 2023","Tue Feb 14 16:27:20 PST 2023","Tue Feb 14 16:27:38 PST 2023","","","2","100% (13/13)","100% (13/13)","100% (13/13)","Mary dropped the cup in the dustbin.Mary opened the fridge.Mary opened the dustbin.Mary took a bowl of cucumbers from the fridge.Mary ate a cucumber.","implausible","implausible"
"371QPA24DGKMFSZ386NVAXOTNJQ1T4","327KZ3ZBRH0E88UJA6QYT3C8Z6NPJ0","Tiered Reasoning for Intuitive Physics","Tiered Reasoning for Intuitive Physics","story, plausible, implausible","$0.06","Sat Feb 11 14:52:11 PST 2023","2","BatchId:375637;OriginalHitTemplateId:921587277;","900","259200","Mon May 22 15:52:11 PDT 2023","","","3EFVCAY5LI5CZ8LDLZN8BLK7TLU8JY","AOSDB00WXVME4","Approved","Sun Feb 12 09:38:31 PST 2023","Sun Feb 12 09:39:30 PST 2023","Wed Feb 15 09:39:30 PST 2023","Wed Feb 15 08:36:56 PST 2023","","","59","100% (21/21)","100% (21/21)","100% (21/21)","Mary had a new desktop computer.Mary decided to use her copier to make more pamphlets for a school fundraiser.Mary typed the pamphlets using her new keyboard.Mary cut out the pamphlets with scissors.Mary used blue ink to print the pamphlets but spilled some ink ruining the magazine on her desk.","implausible","implausible"
"3QGTX7BCI3YHPM9LFLEPZB2RKVGZ5Z","327KZ3ZBRH0E88UJA6QYT3C8Z6NPJ0","Tiered Reasoning for Intuitive Physics","Tiered Reasoning for Intuitive Physics","story, plausible, implausible","$0.06","Sat Feb 11 14:52:24 PST 2023","2","BatchId:375637;OriginalHitTemplateId:921587277;","900","259200","Mon May 22 15:52:24 PDT 2023","","","3DH6GAKTYDLHETHZGPOOYSWZ5YGZYU","A1CFIFCWT9WGJW","Approved","Mon Feb 13 14:33:46 PST 2023","Mon Feb 13 14:33:51 PST 2023","Thu Feb 16 14:33:51 PST 2023","Wed Feb 15 08:37:23 PST 2023","","","5","100% (25/25)","100% (25/25)","100% (25/25)","Ann walked in the door of her house.Ann turned on the light.Ann took off her coat and sat on the couch.Ann called her friend on the phone.Ann hung up the phone and began cooking dinner.","plausible","plausible"
"3B6F54KMSG8L0SMOJ6I50SS7L0C1SF","327KZ3ZBRH0E88UJA6QYT3C8Z6NPJ0","Tiered Reasoning for Intuitive Physics","Tiered Reasoning for Intuitive Physics","story, plausible, implausible","$0.06","Sat Feb 11 14:52:11 PST 2023","2","BatchId:375637;OriginalHitTemplateId:921587277;","900","259200","Mon May 22 15:52:11 PDT 2023","","","3TR2532VI4QPVU2PSKQAR7OGNQAJ6T","A27W8C25KKKFXE","Approved","Mon Feb 13 10:50:31 PST 2023","Mon Feb 13 10:53:36 PST 2023","Thu Feb 16 10:53:36 PST 2023","Wed Feb 15 08:37:03 PST 2023","","","185","98% (245/249)","98% (245/249)","100% (19/19)","Mary had a new desktop computer.Mary decided to use her copier to make more pamphlets for a school fundraiser.Mary cut out the pamphlets with scissors.Mary used blue ink to print the pamphlets but spilled some ink ruining the magazine on her desk.Mary typed the pamphlets using her new keyboard.","plausible","plausible"
"39I4RL8QHXDD2I5RVUP8UCS8O954HA","327KZ3ZBRH0E88UJA6QYT3C8Z6NPJ0","Tiered Reasoning for Intuitive Physics","Tiered Reasoning for Intuitive Physics","story, plausible, implausible","$0.06","Sat Feb 11 14:52:24 PST 2023","2","BatchId:375637;OriginalHitTemplateId:921587277;","900","259200","Mon May 22 15:52:24 PDT 2023","","","3MHW492WWF90BSNBWPBAJRWW8DWVM0","A1CFIFCWT9WGJW","Approved","Mon Feb 13 14:34:15 PST 2023","Mon Feb 13 14:34:19 PST 2023","Thu Feb 16 14:34:19 PST 2023","Wed Feb 15 08:37:02 PST 2023","","","4","100% (25/25)","100% (25/25)","100% (25/25)","Ann walked in the door of her house.Ann turned on the light.Ann took off her coat and sat on the couch.Ann hung up the phone and began cooking dinner.Ann called her friend on the phone.","implausible","implausible"
"3L21G7IH5LSIWEYXICAUIEG82L81YT","327KZ3ZBRH0E88UJA6QYT3C8Z6NPJ0","Tiered Reasoning for Intuitive Physics","Tiered Reasoning for Intuitive Physics","story, plausible, implausible","$0.06","Sat Feb 11 14:52:24 PST 2023","2","BatchId:375637;OriginalHitTemplateId:921587277;","900","259200","Mon May 22 15:52:24 PDT 2023","","","3KXIR214IJCBAB032BR3VSILPOC420","AOSDB00WXVME4","Approved","Sun Feb 12 09:37:54 PST 2023","Sun Feb 12 09:38:05 PST 2023","Wed Feb 15 09:38:05 PST 2023","Wed Feb 15 08:37:14 PST 2023","","","11","100% (21/21)","100% (21/21)","100% (21/21)","Tom desired to make a cake.Tom blended flour, butter and egg together.Tom put the dough into the oven.Tom set the timer in the oven.Tom washed his hands under the faucet.","plausible","plausible"
"3FI30CQHWYFHQS6JEQ8R5Z9OPN6B6M","327KZ3ZBRH0E88UJA6QYT3C8Z6NPJ0","Tiered Reasoning for Intuitive Physics","Tiered Reasoning for Intuitive Physics","story, plausible, implausible","$0.06","Sat Feb 11 14:54:38 PST 2023","2","BatchId:375637;OriginalHitTemplateId:921587277;","900","259200","Mon May 22 15:54:38 PDT 2023","","","3HRMW88U1LMKIRMVTSNLYY66EHJM0Z","A27W8C25KKKFXE","Approved","Mon Feb 13 10:50:05 PST 2023","Mon Feb 13 10:50:30 PST 2023","Thu Feb 16 10:50:30 PST 2023","Wed Feb 15 08:37:07 PST 2023","","","25","98% (245/249)","98% (245/249)","100% (19/19)","Tom packed his axe for the camping trip.Tom got out his hammer and finished the ramp.Tom used his drill to build a ramp.Tom realized he had a flat bicycle tire.Tom was not able to try out his bicycle tricks.","implausible","plausible"
"356TQKY9YTTHSUMHUOT9KBJJCS587J","327KZ3ZBRH0E88UJA6QYT3C8Z6NPJ0","Tiered Reasoning for Intuitive Physics","Tiered Reasoning for Intuitive Physics","story, plausible, implausible","$0.06","Sat Feb 11 14:54:29 PST 2023","2","BatchId:375637;OriginalHitTemplateId:921587277;","900","259200","Mon May 22 15:54:29 PDT 2023","","","3EKVH9QMED0OA7JWVMSWYWCR21BD2S","A3STL1ULVFB8YP","Approved","Mon Feb 13 11:42:39 PST 2023","Mon Feb 13 11:43:21 PST 2023","Thu Feb 16 11:43:21 PST 2023","Wed Feb 15 08:36:56 PST 2023","","","42","100% (109/109)","100% (109/109)","100% (16/16)","Ann put in the bleach.Ann opened the washing machine.Ann put in her pants.Ann put in her towel.Ann turned on the washing machine.","implausible","plausible"
"3Z8UJEJODD9Z5G44X4WX7Q2ERW139Y","327KZ3ZBRH0E88UJA6QYT3C8Z6NPJ0","Tiered Reasoning for Intuitive Physics","Tiered Reasoning for Intuitive Physics","story, plausible, implausible","$0.06","Sat Feb 11 14:54:38 PST 2023","2","BatchId:375637;OriginalHitTemplateId:921587277;","900","259200","Mon May 22 15:54:38 PDT 2023","","","3QFUFYSY9DBVB5CFQ66AFBCAYSE4FH","A2JX2VIJWXHS4X","Approved","Sat Feb 11 16:27:21 PST 2023","Sat Feb 11 16:27:24 PST 2023","Tue Feb 14 16:27:24 PST 2023","Tue Feb 14 16:27:38 PST 2023","","","3","100% (13/13)","100% (13/13)","100% (13/13)","Tom packed his axe for the camping trip.Tom used his drill to build a ramp.Tom got out his hammer and finished the ramp.Tom was not able to try out his bicycle tricks.Tom realized he had a flat bicycle tire.","implausible","implausible"
"3ODOP6T3B6G9NS29C9M178M6ZQN24Q","327KZ3ZBRH0E88UJA6QYT3C8Z6NPJ0","Tiered Reasoning for Intuitive Physics","Tiered Reasoning for Intuitive Physics","story, plausible, implausible","$0.06","Sat Feb 11 14:52:32 PST 2023","2","BatchId:375637;OriginalHitTemplateId:921587277;","900","259200","Mon May 22 15:52:32 PDT 2023","","","3Q5C1WP231XMH9M7XCAZV1EUXE051W","A1CFIFCWT9WGJW","Approved","Mon Feb 13 14:33:56 PST 2023","Mon Feb 13 14:34:01 PST 2023","Thu Feb 16 14:34:01 PST 2023","Wed Feb 15 08:37:19 PST 2023","","","5","100% (25/25)","100% (25/25)","100% (25/25)","John closed the suitcase and took it off the table.John put his flip-flops in the suitcase.John closed the window.John turned off the fan.John took the suitcase to his car.","implausible","implausible"
"3G57RS03IV1RJB69QE5BC0SKZMI25V","327KZ3ZBRH0E88UJA6QYT3C8Z6NPJ0","Tiered Reasoning for Intuitive Physics","Tiered Reasoning for Intuitive Physics","story, plausible, implausible","$0.06","Sat Feb 11 14:52:34 PST 2023","2","BatchId:375637;OriginalHitTemplateId:921587277;","900","259200","Mon May 22 15:52:34 PDT 2023","","","36H9ULYP6HQLENV0TDTELD1TGPDFJS","A27W8C25KKKFXE","Approved","Mon Feb 13 11:42:35 PST 2023","Mon Feb 13 11:45:03 PST 2023","Thu Feb 16 11:45:03 PST 2023","Wed Feb 15 08:37:08 PST 2023","","","148","98% (245/249)","98% (245/249)","100% (19/19)","John put his flip-flops in the suitcase.John closed the suitcase and took it off the table.John closed the window.John turned off the fan.John took the suitcase to his car.","implausible","plausible"
"3MJ28H2Y2S45QIVEDC38JDVN0RE5O4","327KZ3ZBRH0E88UJA6QYT3C8Z6NPJ0","Tiered Reasoning for Intuitive Physics","Tiered Reasoning for Intuitive Physics","story, plausible, implausible","$0.06","Sat Feb 11 14:54:26 PST 2023","2","BatchId:375637;OriginalHitTemplateId:921587277;","900","259200","Mon May 22 15:54:26 PDT 2023","","","33ISQZVXP4IR3X5KSJMRQ33VTSCCC0","A2CRQ0XPXN1P0K","Approved","Mon Feb 13 10:50:49 PST 2023","Mon Feb 13 10:51:18 PST 2023","Thu Feb 16 10:51:18 PST 2023","Wed Feb 15 08:37:17 PST 2023","","","29","100% (4/4)","100% (4/4)","100% (4/4)","Ann opened the door and saw it was raining.Ann carried her umbrella outside.Ann cut the umbrella into pieces with the scissors.Ann took scissors out of her pocket.Ann put the scissors back in her pocket.","implausible","implausible"
"3PUOXASB6LZ0Q9BXIBR6BR7T6RZZ9Q","327KZ3ZBRH0E88UJA6QYT3C8Z6NPJ0","Tiered Reasoning for Intuitive Physics","Tiered Reasoning for Intuitive Physics","story, plausible, implausible","$0.06","Sat Feb 11 14:52:34 PST 2023","2","BatchId:375637;OriginalHitTemplateId:921587277;","900","259200","Mon May 22 15:52:34 PDT 2023","","","3N1FSUEFLKWYDLYJZ0BKRB9PMF7D4O","A3STL1ULVFB8YP","Approved","Mon Feb 13 11:43:37 PST 2023","Mon Feb 13 11:43:47 PST 2023","Thu Feb 16 11:43:47 PST 2023","Wed Feb 15 08:37:23 PST 2023","","","10","100% (109/109)","100% (109/109)","100% (16/16)","Tom cut up the watermelon.Tom ate a banana.Tom put the watermelon in a cup.Tom put the cup in the fridge.Tom grabbed a pan.","implausible","plausible"
"3J9L0X0VETIWWE6S7O7ZCNDBPPW9WB","327KZ3ZBRH0E88UJA6QYT3C8Z6NPJ0","Tiered Reasoning for Intuitive Physics","Tiered Reasoning for Intuitive Physics","story, plausible, implausible","$0.06","Sat Feb 11 14:52:28 PST 2023","2","BatchId:375637;OriginalHitTemplateId:921587277;","900","259200","Mon May 22 15:52:28 PDT 2023","","","39L1G8WVW5NJ3UZ3JTM6G4GAJI9314","A1CFIFCWT9WGJW","Approved","Mon Feb 13 14:33:22 PST 2023","Mon Feb 13 14:33:27 PST 2023","Thu Feb 16 14:33:27 PST 2023","Wed Feb 15 08:37:11 PST 2023","","","5","100% (25/25)","100% (25/25)","100% (25/25)","Mary washed her hands in the sink.Mary placed a cup of soup into the microwave and turned on the microwave.Mary walked over to the counter and opened the microwave.Mary grabbed a spoon out of the drawer.Mary opened the microwave and stirred the cup of soup with the spoon.","implausible","implausible"
"3K8CQCU3LSXHLGAM8YQ4UO8VUECWNW","327KZ3ZBRH0E88UJA6QYT3C8Z6NPJ0","Tiered Reasoning for Intuitive Physics","Tiered Reasoning for Intuitive Physics","story, plausible, implausible","$0.06","Sat Feb 11 14:52:28 PST 2023","2","BatchId:375637;OriginalHitTemplateId:921587277;","900","259200","Mon May 22 15:52:28 PDT 2023","","","3JRJSWSMQWHINVTFVHHLNOZ48R6E3R","AOSDB00WXVME4","Approved","Sun Feb 12 09:36:03 PST 2023","Sun Feb 12 09:37:05 PST 2023","Wed Feb 15 09:37:05 PST 2023","Wed Feb 15 08:37:14 PST 2023","","","62","100% (21/21)","100% (21/21)","100% (21/21)","Mary washed her hands in the sink.Mary walked over to the counter and opened the microwave.Mary placed a cup of soup into the microwave and turned on the microwave.Mary grabbed a spoon out of the drawer.Mary opened the microwave and stirred the cup of soup with the spoon.","implausible","plausible"
"33NOQL7TA2V0C4SNDJLSBVCIMLHZ81","327KZ3ZBRH0E88UJA6QYT3C8Z6NPJ0","Tiered Reasoning for Intuitive Physics","Tiered Reasoning for Intuitive Physics","story, plausible, implausible","$0.06","Sat Feb 11 14:52:34 PST 2023","2","BatchId:375637;OriginalHitTemplateId:921587277;","900","259200","Mon May 22 15:52:34 PDT 2023","","","39N5ACM9HTJ8ZO7LL4Y68D1UMQO9PU","A27W8C25KKKFXE","Approved","Mon Feb 13 10:44:56 PST 2023","Mon Feb 13 10:45:44 PST 2023","Thu Feb 16 10:45:44 PST 2023","Wed Feb 15 08:36:52 PST 2023","","","48","98% (245/249)","98% (245/249)","100% (19/19)","Ann went into the bathroom and turned on the shower faucet.Ann washed her hair in the shower, using the last of the shampoo from the shampoo bottle.Ann got out of the shower and used her hair dryer.Ann brushed her teeth with toothpaste and went to the store for detergent.Ann threw her sheet and blanket in the washer but found she was out of laundry detergent.","implausible","implausible"
"3FULMHZ7P8TZUW62MR5LMH045V44MJ","327KZ3ZBRH0E88UJA6QYT3C8Z6NPJ0","Tiered Reasoning for Intuitive Physics","Tiered Reasoning for Intuitive Physics","story, plausible, implausible","$0.06","Sat Feb 11 14:52:43 PST 2023","2","BatchId:375637;OriginalHitTemplateId:921587277;","900","259200","Mon May 22 15:52:43 PDT 2023","","","3C8HJ7UOPMQHKCSLXM0D4X9SWO2MZR","A3STL1ULVFB8YP","Approved","Mon Feb 13 11:41:03 PST 2023","Mon Feb 13 11:41:59 PST 2023","Thu Feb 16 11:41:59 PST 2023","Wed Feb 15 08:37:08 PST 2023","","","56","100% (109/109)","100% (109/109)","100% (16/16)","Mary ate the last apple.Mary ate the last orange.Mary put the donut on a plate.Mary ate the donut and cake with a folk.Mary put the cake on a plate.","implausible","implausible"
"3VLL1PIEO4K3XWF3K0AO8H2I1QLZO4","327KZ3ZBRH0E88UJA6QYT3C8Z6NPJ0","Tiered Reasoning for Intuitive Physics","Tiered Reasoning for Intuitive Physics","story, plausible, implausible","$0.06","Sat Feb 11 14:53:25 PST 2023","2","BatchId:375637;OriginalHitTemplateId:921587277;","900","259200","Mon May 22 15:53:25 PDT 2023","","","3VBEN272MZVKRQALRR8AVZSSDNQGS8","A27W8C25KKKFXE","Approved","Mon Feb 13 10:44:41 PST 2023","Mon Feb 13 10:44:56 PST 2023","Thu Feb 16 10:44:56 PST 2023","Wed Feb 15 08:37:28 PST 2023","","","15","98% (245/249)","98% (245/249)","100% (19/19)","Tom turned the oven on.Tom cut up the meat.Tom peeled the potato.Tom cut the potato.Tom put the food in the oven.","implausible","plausible"
"3V0TR1NRWOYYSVXDPOFGDQ54BEFA45","327KZ3ZBRH0E88UJA6QYT3C8Z6NPJ0","Tiered Reasoning for Intuitive Physics","Tiered Reasoning for Intuitive Physics","story, plausible, implausible","$0.06","Sat Feb 11 14:52:43 PST 2023","2","BatchId:375637;OriginalHitTemplateId:921587277;","900","259200","Mon May 22 15:52:43 PDT 2023","","","3B2X28YI3BBJDB4D4SDTTJ53FLVB6U","AOSDB00WXVME4","Approved","Sun Feb 12 09:38:06 PST 2023","Sun Feb 12 09:38:31 PST 2023","Wed Feb 15 09:38:31 PST 2023","Wed Feb 15 08:37:27 PST 2023","","","25","100% (21/21)","100% (21/21)","100% (21/21)","Mike got into his car to head to work.Mike set his briefcase on the passenger seat.Mike saw a bee and spilled his coffee.Mike quickly got some wet wipes from the glove compartment.Mike wiped up the coffee as best he could.Mike drove to work.","plausible","plausible"
"3FJ2RVH26D2AKY8LT4ISOGXMLI129M","327KZ3ZBRH0E88UJA6QYT3C8Z6NPJ0","Tiered Reasoning for Intuitive Physics","Tiered Reasoning for Intuitive Physics","story, plausible, implausible","$0.06","Sat Feb 11 14:52:43 PST 2023","2","BatchId:375637;OriginalHitTemplateId:921587277;","900","259200","Mon May 22 15:52:43 PDT 2023","","","336KAV9KY5OR8IENRIFABHMSKPHY2L","A1CFIFCWT9WGJW","Approved","Mon Feb 13 14:33:12 PST 2023","Mon Feb 13 14:33:17 PST 2023","Thu Feb 16 14:33:17 PST 2023","Wed Feb 15 08:37:07 PST 2023","","","5","100% (25/25)","100% (25/25)","100% (25/25)","John printed out a page from his computer.John refilled the printer with paper.John threw his pen away since it was out of ink.John flattened the cardboard box.John turned on the desktop computer.","implausible","implausible"
"36FQTHX30HNIT9J1VOATYWX4FW43B8","327KZ3ZBRH0E88UJA6QYT3C8Z6NPJ0","Tiered Reasoning for Intuitive Physics","Tiered Reasoning for Intuitive Physics","story, plausible, implausible","$0.06","Sat Feb 11 14:54:44 PST 2023","2","BatchId:375637;OriginalHitTemplateId:921587277;","900","259200","Mon May 22 15:54:44 PDT 2023","","","3SPJ03342GZREECVY3L2AY89M0TYJY","A27W8C25KKKFXE","Approved","Sat Feb 11 15:14:26 PST 2023","Sat Feb 11 15:17:44 PST 2023","Tue Feb 14 15:17:44 PST 2023","Tue Feb 14 15:18:33 PST 2023","","","198","98% (245/249)","98% (245/249)","100% (19/19)","Tom is leaving home to work.Tom presses the button to open his garage door.Tom backs his car out of the garage.Tom clicks the button from his car to close the garage door.Tom drove the car to the street.","implausible","plausible"
"30P8I9JKPWH0G24BEOPME5PVWKB5V6","327KZ3ZBRH0E88UJA6QYT3C8Z6NPJ0","Tiered Reasoning for Intuitive Physics","Tiered Reasoning for Intuitive Physics","story, plausible, implausible","$0.06","Sat Feb 11 14:54:44 PST 2023","2","BatchId:375637;OriginalHitTemplateId:921587277;","900","259200","Mon May 22 15:54:44 PDT 2023","","","3TMSXRD2XLWGUS1RTDX8L1R7HBU1WZ","A2JX2VIJWXHS4X","Approved","Sat Feb 11 16:27:03 PST 2023","Sat Feb 11 16:27:07 PST 2023","Tue Feb 14 16:27:07 PST 2023","Tue Feb 14 16:27:38 PST 2023","","","4","100% (13/13)","100% (13/13)","100% (13/13)","Tom is leaving home to work.Tom presses the button to open his garage door.Tom backs his car out of the garage.Tom clicks the button from his car to close the garage door.Tom drove the car to the street.","implausible","implausible"
"3YKP7CX6HGB0USKOX0DJBD9KKYQB7L","327KZ3ZBRH0E88UJA6QYT3C8Z6NPJ0","Tiered Reasoning for Intuitive Physics","Tiered Reasoning for Intuitive Physics","story, plausible, implausible","$0.06","Sat Feb 11 14:54:38 PST 2023","2","BatchId:375637;OriginalHitTemplateId:921587277;","900","259200","Mon May 22 15:54:38 PDT 2023","","","3LOZAJ85YS928DODMMT8S3FJIJO2XK","A1CFIFCWT9WGJW","Approved","Mon Feb 13 14:32:04 PST 2023","Mon Feb 13 14:32:25 PST 2023","Thu Feb 16 14:32:25 PST 2023","Wed Feb 15 08:37:33 PST 2023","","","21","100% (25/25)","100% (25/25)","100% (25/25)","John was sitting next to a tree.John finished the bottle of water.John pulled the water bottle out of his bag.John wiped his sweat with a towel.John stood up and started playing with the football.","implausible","implausible"
"3TFJJUELTVLCIWFO5OSJQ6YUR342C3","327KZ3ZBRH0E88UJA6QYT3C8Z6NPJ0","Tiered Reasoning for Intuitive Physics","Tiered Reasoning for Intuitive Physics","story, plausible, implausible","$0.06","Sat Feb 11 14:52:56 PST 2023","2","BatchId:375637;OriginalHitTemplateId:921587277;","900","259200","Mon May 22 15:52:56 PDT 2023","","","3LYA37P8I5JQCQP26W7U32ALGGLKBE","A3STL1ULVFB8YP","Approved","Mon Feb 13 11:44:49 PST 2023","Mon Feb 13 11:46:41 PST 2023","Thu Feb 16 11:46:41 PST 2023","Wed Feb 15 08:37:23 PST 2023","","","112","100% (109/109)","100% (109/109)","100% (16/16)","Mary put the pasta in the microwave.Mary took out pasta from the fridge.Mary turned on the microwave.Mary took out ice cream.Mary ate the ice cream with a spoon.","implausible","implausible"
"3QGTX7BCI3YHPM9LFLEPZB2RKVH5Z6","327KZ3ZBRH0E88UJA6QYT3C8Z6NPJ0","Tiered Reasoning for Intuitive Physics","Tiered Reasoning for Intuitive Physics","story, plausible, implausible","$0.06","Sat Feb 11 14:54:50 PST 2023","2","BatchId:375637;OriginalHitTemplateId:921587277;","900","259200","Mon May 22 15:54:50 PDT 2023","","","3BDCF01OGCQX940V1OXFQDL1QP8LYX","A27W8C25KKKFXE","Approved","Mon Feb 13 10:47:39 PST 2023","Mon Feb 13 10:50:04 PST 2023","Thu Feb 16 10:50:04 PST 2023","Wed Feb 15 08:37:23 PST 2023","","","145","98% (245/249)","98% (245/249)","100% (19/19)","John was sitting in front of his desktop computer.John typed some keywords with keyboard.John write down some notes on his notebook.John take the pen on his table.John made copies of his notes on the printer.","implausible","implausible"
"3D06DR523JFEWLMJVSFCZKM4X50AM0","327KZ3ZBRH0E88UJA6QYT3C8Z6NPJ0","Tiered Reasoning for Intuitive Physics","Tiered Reasoning for Intuitive Physics","story, plausible, implausible","$0.06","Sat Feb 11 14:53:31 PST 2023","2","BatchId:375637;OriginalHitTemplateId:921587277;","900","259200","Mon May 22 15:53:31 PDT 2023","","","337RC3OW0KYG5A5QWDAVJEH7886VLY","A1CFIFCWT9WGJW","Approved","Mon Feb 13 14:33:51 PST 2023","Mon Feb 13 14:33:56 PST 2023","Thu Feb 16 14:33:56 PST 2023","Wed Feb 15 08:37:07 PST 2023","","","5","100% (25/25)","100% (25/25)","100% (25/25)","Ann read a book.Ann unplugged the phone.Ann read notes from the notebook.Ann plugged in the keyboard.Ann wrote a story on the computer.","plausible","plausible"
"37VHPF5VZQZN4BHDL51K0XBXD3W8CC","327KZ3ZBRH0E88UJA6QYT3C8Z6NPJ0","Tiered Reasoning for Intuitive Physics","Tiered Reasoning for Intuitive Physics","story, plausible, implausible","$0.06","Sat Feb 11 14:54:38 PST 2023","2","BatchId:375637;OriginalHitTemplateId:921587277;","900","259200","Mon May 22 15:54:38 PDT 2023","","","3OUYGIZWRMUQ3UJ8L8FDF201JMUP0Y","A3STL1ULVFB8YP","Approved","Mon Feb 13 11:46:42 PST 2023","Mon Feb 13 11:47:57 PST 2023","Thu Feb 16 11:47:57 PST 2023","Wed Feb 15 08:36:59 PST 2023","","","75","100% (109/109)","100% (109/109)","100% (16/16)","Mary pulled the chair up to the table in her dad's office.Mary pulled a magazine, notebook, scissors, and tape from a pile of stuff on the table.Mary cut out pictures from the magazine and taped them into four collages in the notebook.The phone rang, so Mary answered it and chatted while she finished up her collages.Mary stapled together three sets of four pages each, and drew Mary's Art on the top page with a pen.Mary went to the all-in-one printer and made three copies each of her artwork.Mary opened the laptop and emailed her mom, dad, and sister to come to her Art Show in her dad's office in one hour.","implausible","implausible"
"3M67TQBQRVKZP13P6JB7UYGKX6TA91","327KZ3ZBRH0E88UJA6QYT3C8Z6NPJ0","Tiered Reasoning for Intuitive Physics","Tiered Reasoning for Intuitive Physics","story, plausible, implausible","$0.06","Sat Feb 11 14:52:56 PST 2023","2","BatchId:375637;OriginalHitTemplateId:921587277;","900","259200","Mon May 22 15:52:56 PDT 2023","","","3CP1TO84P8XT6U43GGAD0KOZPKE52D","A1CFIFCWT9WGJW","Approved","Mon Feb 13 14:34:01 PST 2023","Mon Feb 13 14:34:05 PST 2023","Thu Feb 16 14:34:05 PST 2023","Wed Feb 15 08:37:17 PST 2023","","","4","100% (25/25)","100% (25/25)","100% (25/25)","Mary pulled the chair up to the table in her dad's office.Mary pulled a magazine, notebook, scissors, and tape from a pile of stuff on the table.Mary cut out pictures from the magazine and taped them into four collages in the notebook.Mary went to the all-in-one printer and made three copies each of her artwork.The phone rang, so Mary answered it and chatted while she finished up her collages.Mary stapled together three sets of four pages each, and drew Mary's Art on the top page with a pen.Mary opened the laptop and emailed her mom, dad, and sister to come to her Art Show in her dad's office in one hour.","plausible","plausible"
"33IXYHIZCJERFUZ21FYEGUYXCFH2EW","327KZ3ZBRH0E88UJA6QYT3C8Z6NPJ0","Tiered Reasoning for Intuitive Physics","Tiered Reasoning for Intuitive Physics","story, plausible, implausible","$0.06","Sat Feb 11 14:53:05 PST 2023","2","BatchId:375637;OriginalHitTemplateId:921587277;","900","259200","Mon May 22 15:53:05 PDT 2023","","","3SKEMFQBZI17ASRV3KNKC0KK8AU8KX","AOSDB00WXVME4","Approved","Sun Feb 12 09:40:05 PST 2023","Sun Feb 12 09:40:28 PST 2023","Wed Feb 15 09:40:28 PST 2023","Wed Feb 15 08:36:52 PST 2023","","","23","100% (21/21)","100% (21/21)","100% (21/21)","Mary carried the notebook to the table.Mary sat in the chair at the table.Mary answered the phone.Mary used the scissors to cut the message out of the notebook.Mary used the pen to write a message in the notebook.","implausible","plausible"
"3UUSLRKAVZZT9PI8BW4P63XKNJ27DO","327KZ3ZBRH0E88UJA6QYT3C8Z6NPJ0","Tiered Reasoning for Intuitive Physics","Tiered Reasoning for Intuitive Physics","story, plausible, implausible","$0.06","Sat Feb 11 14:53:06 PST 2023","2","BatchId:375637;OriginalHitTemplateId:921587277;","900","259200","Mon May 22 15:53:06 PDT 2023","","","3IXEICO79HFJ9XYU4E4ETDBPLSS6TC","A2JX2VIJWXHS4X","Approved","Sat Feb 11 16:27:32 PST 2023","Sat Feb 11 16:27:36 PST 2023","Tue Feb 14 16:27:36 PST 2023","Tue Feb 14 16:27:38 PST 2023","","","4","100% (13/13)","100% (13/13)","100% (13/13)","Mary carried the notebook to the table.Mary sat in the chair at the table.Mary answered the phone.Mary used the pen to write a message in the notebook.Mary used the scissors to cut the message out of the notebook.","implausible","implausible"
"3XEIP58NMEJVRBC678UWG0YO6LGZLN","327KZ3ZBRH0E88UJA6QYT3C8Z6NPJ0","Tiered Reasoning for Intuitive Physics","Tiered Reasoning for Intuitive Physics","story, plausible, implausible","$0.06","Sat Feb 11 14:53:16 PST 2023","2","BatchId:375637;OriginalHitTemplateId:921587277;","900","259200","Mon May 22 15:53:16 PDT 2023","","","3VE8AYVF81TWU6ZH29WNWNSF0ED8FV","AOSDB00WXVME4","Approved","Sun Feb 12 09:29:55 PST 2023","Sun Feb 12 09:30:50 PST 2023","Wed Feb 15 09:30:50 PST 2023","Wed Feb 15 08:37:32 PST 2023","","","55","100% (21/21)","100% (21/21)","100% (21/21)","Mary sets up her picnic at the park.Hornets buzz by and start swarming her food.Mary covers her food to prevent the hornets.Mary calls her friends on her phone to eat some food at the picnic.Mary drank some juice with a glass.","implausible","plausible"
"34F34TZU8AVZQALUFG95DABPHND2JH","327KZ3ZBRH0E88UJA6QYT3C8Z6NPJ0","Tiered Reasoning for Intuitive Physics","Tiered Reasoning for Intuitive Physics","story, plausible, implausible","$0.06","Sat Feb 11 14:53:16 PST 2023","2","BatchId:375637;OriginalHitTemplateId:921587277;","900","259200","Mon May 22 15:53:16 PDT 2023","","","3NC5L260M3IZFYMX9QLJT9IFFJNOFK","A27W8C25KKKFXE","Approved","Mon Feb 13 11:31:39 PST 2023","Mon Feb 13 11:32:01 PST 2023","Thu Feb 16 11:32:01 PST 2023","Wed Feb 15 08:36:53 PST 2023","","","22","98% (245/249)","98% (245/249)","100% (19/19)","Mike moved his car to the street so he could make room.Mike grabbed a wrench.Mike searched through the toolbox.Mike used the wrench to remove a panel from the lawnmower.Mike used a screwdriver to remove another panel.Mike found a foreign object inside the machine and removed it with his hand.","implausible","implausible"
"3GONHBMNI9UFXTUR7KVBGDDD6Q6ZMP","327KZ3ZBRH0E88UJA6QYT3C8Z6NPJ0","Tiered Reasoning for Intuitive Physics","Tiered Reasoning for Intuitive Physics","story, plausible, implausible","$0.06","Sat Feb 11 14:53:22 PST 2023","2","BatchId:375637;OriginalHitTemplateId:921587277;","900","259200","Mon May 22 15:53:22 PDT 2023","","","3FTOP5WARUKUHJGAQVATI6EPANOJ0S","A27W8C25KKKFXE","Approved","Mon Feb 13 10:44:20 PST 2023","Mon Feb 13 10:44:41 PST 2023","Thu Feb 16 10:44:41 PST 2023","Wed Feb 15 08:37:09 PST 2023","","","21","98% (245/249)","98% (245/249)","100% (19/19)","Tom put toothpaste on his toothbrush.Tom brushed his teeth.Tom spit out the toothpaste in the sink.Tom rinsed his face under the faucet.Tom put his socks in the laundry basket.","plausible","plausible"
"3LAZVA75OWNDRLCRVT1AL6SBGHN2O0","327KZ3ZBRH0E88UJA6QYT3C8Z6NPJ0","Tiered Reasoning for Intuitive Physics","Tiered Reasoning for Intuitive Physics","story, plausible, implausible","$0.06","Sat Feb 11 14:53:28 PST 2023","2","BatchId:375637;OriginalHitTemplateId:921587277;","900","259200","Mon May 22 15:53:28 PDT 2023","","","3PH3VY7DJ0TDPOMZ1O60DVBJUQGZWV","A1CFIFCWT9WGJW","Approved","Mon Feb 13 14:32:53 PST 2023","Mon Feb 13 14:32:58 PST 2023","Thu Feb 16 14:32:58 PST 2023","Wed Feb 15 08:37:14 PST 2023","","","5","100% (25/25)","100% (25/25)","100% (25/25)","John took a ladder out of his car.John picked up a drill.John used the drill to take apart the ladder.John tied the ladder pieces together with rope.John put the pieces in his car.","plausible","plausible"
"3P7RGTLO7S9J6XMGAG2WK7U0805AKV","327KZ3ZBRH0E88UJA6QYT3C8Z6NPJ0","Tiered Reasoning for Intuitive Physics","Tiered Reasoning for Intuitive Physics","story, plausible, implausible","$0.06","Sat Feb 11 14:53:27 PST 2023","2","BatchId:375637;OriginalHitTemplateId:921587277;","900","259200","Mon May 22 15:53:27 PDT 2023","","","3N1FSUEFLKWYDLYJZ0BKRB9PMFY4D6","A2JX2VIJWXHS4X","Approved","Sat Feb 11 16:27:07 PST 2023","Sat Feb 11 16:27:11 PST 2023","Tue Feb 14 16:27:11 PST 2023","Tue Feb 14 16:27:38 PST 2023","","","4","100% (13/13)","100% (13/13)","100% (13/13)","John took a ladder out of his car.John picked up a drill.John tied the ladder pieces together with rope.John used the drill to take apart the ladder.John put the pieces in his car.","implausible","implausible"
"3IHWR4LC8R9EHE3DDFX6B09SQ8G8IE","327KZ3ZBRH0E88UJA6QYT3C8Z6NPJ0","Tiered Reasoning for Intuitive Physics","Tiered Reasoning for Intuitive Physics","story, plausible, implausible","$0.06","Sat Feb 11 14:54:56 PST 2023","2","BatchId:375637;OriginalHitTemplateId:921587277;","900","259200","Mon May 22 15:54:56 PDT 2023","","","3UN61F00HBLAAELOV6PE1SW71CN5RL","AOSDB00WXVME4","Approved","Sun Feb 12 09:35:46 PST 2023","Sun Feb 12 09:36:03 PST 2023","Wed Feb 15 09:36:03 PST 2023","Wed Feb 15 08:37:11 PST 2023","","","17","100% (21/21)","100% (21/21)","100% (21/21)","John took a ladder out of his car.John picked up a drill.John used the drill to take apart the ladder.John tied the ladder pieces together with rope.John put the pieces in his car.","plausible","plausible"
"3WRAAIUSCXVPQXLN9ZHLA12249JXA6","327KZ3ZBRH0E88UJA6QYT3C8Z6NPJ0","Tiered Reasoning for Intuitive Physics","Tiered Reasoning for Intuitive Physics","story, plausible, implausible","$0.06","Sat Feb 11 14:53:23 PST 2023","2","BatchId:375637;OriginalHitTemplateId:921587277;","900","259200","Mon May 22 15:53:23 PDT 2023","","","3ZAZR5XV0GE4BQGUKX6Z114G2AYCZZ","A3STL1ULVFB8YP","Approved","Mon Feb 13 11:39:54 PST 2023","Mon Feb 13 11:40:17 PST 2023","Thu Feb 16 11:40:17 PST 2023","Wed Feb 15 08:37:32 PST 2023","","","23","100% (109/109)","100% (109/109)","100% (16/16)","The book was on the table.Sarah took the book to the copier.Sarah copied a few pages and used the stapler to keep them together.Sarah put the pages inside her notebook.Sarah put the notebook next to the keyboard.","implausible","plausible"
"3NRZ1LDP8A2LIWR4Z0N3XH78BVHZPL","327KZ3ZBRH0E88UJA6QYT3C8Z6NPJ0","Tiered Reasoning for Intuitive Physics","Tiered Reasoning for Intuitive Physics","story, plausible, implausible","$0.06","Sat Feb 11 14:53:31 PST 2023","2","BatchId:375637;OriginalHitTemplateId:921587277;","900","259200","Mon May 22 15:53:31 PDT 2023","","","3Z9WI9EOZEK033SO6OHQPDDJBTQKHU","A3STL1ULVFB8YP","Approved","Mon Feb 13 11:48:42 PST 2023","Mon Feb 13 11:48:55 PST 2023","Thu Feb 16 11:48:55 PST 2023","Wed Feb 15 08:37:19 PST 2023","","","13","100% (109/109)","100% (109/109)","100% (16/16)","Tom spilled the glass of milk on the floor.Tom picked up an orange.Tom poured milk into a glass.Tom took the milk out of the fridge.Tom ate the orange.","implausible","implausible"
"3S1WOPCJGUPRLQXA8046FBKEEQ3EJV","327KZ3ZBRH0E88UJA6QYT3C8Z6NPJ0","Tiered Reasoning for Intuitive Physics","Tiered Reasoning for Intuitive Physics","story, plausible, implausible","$0.06","Sat Feb 11 14:55:05 PST 2023","2","BatchId:375637;OriginalHitTemplateId:921587277;","900","259200","Mon May 22 15:55:05 PDT 2023","","","3TE3O8573F4IBH21DNNG3LTVH22R2C","A1CFIFCWT9WGJW","Approved","Mon Feb 13 14:33:37 PST 2023","Mon Feb 13 14:33:42 PST 2023","Thu Feb 16 14:33:42 PST 2023","Wed Feb 15 08:37:23 PST 2023","","","5","100% (25/25)","100% (25/25)","100% (25/25)","The book was on the table.Sarah took the book to the copier.Sarah copied a few pages and used the stapler to keep them together.Sarah put the pages inside her notebook.Sarah put the notebook next to the keyboard.","implausible","implausible"
"30OITAWPC4ZEZOB3CPLZBK3OA1JH9J","327KZ3ZBRH0E88UJA6QYT3C8Z6NPJ0","Tiered Reasoning for Intuitive Physics","Tiered Reasoning for Intuitive Physics","story, plausible, implausible","$0.06","Sat Feb 11 14:54:56 PST 2023","2","BatchId:375637;OriginalHitTemplateId:921587277;","900","259200","Mon May 22 15:54:56 PDT 2023","","","3VNXK88KKREL484H7G75E5QC8EP9VF","A2CRQ0XPXN1P0K","Approved","Mon Feb 13 10:50:34 PST 2023","Mon Feb 13 10:50:49 PST 2023","Thu Feb 16 10:50:49 PST 2023","Wed Feb 15 08:36:51 PST 2023","","","15","100% (4/4)","100% (4/4)","100% (4/4)","Tom took the milk out of the fridge.Tom picked up an orange.Tom poured milk into a glass.Tom spilled the glass of milk on the floor.Tom ate the orange.","plausible","plausible"
"3N5YJ55YYUZKE37J7TUCCZB42VAAN0","327KZ3ZBRH0E88UJA6QYT3C8Z6NPJ0","Tiered Reasoning for Intuitive Physics","Tiered Reasoning for Intuitive Physics","story, plausible, implausible","$0.06","Sat Feb 11 14:53:32 PST 2023","2","BatchId:375637;OriginalHitTemplateId:921587277;","900","259200","Mon May 22 15:53:32 PDT 2023","","","3RKNTXVS31U0FEV7FQKI1A1J1C14A4","A2JX2VIJWXHS4X","Approved","Sat Feb 11 16:26:17 PST 2023","Sat Feb 11 16:26:31 PST 2023","Tue Feb 14 16:26:31 PST 2023","Tue Feb 14 16:26:38 PST 2023","","","14","100% (13/13)","100% (13/13)","100% (13/13)","Tom took the milk out of the fridge.Tom ate the orange.Tom poured milk into a glass.Tom spilled the glass of milk on the floor.Tom picked up an orange.","implausible","implausible"
"3ULIZ0H1WO1KUQOD7A5X7HIF7G451H","327KZ3ZBRH0E88UJA6QYT3C8Z6NPJ0","Tiered Reasoning for Intuitive Physics","Tiered Reasoning for Intuitive Physics","story, plausible, implausible","$0.06","Sat Feb 11 14:53:28 PST 2023","2","BatchId:375637;OriginalHitTemplateId:921587277;","900","259200","Mon May 22 15:53:28 PDT 2023","","","3I0BTBYZACHKC8B9CVBWSTTDNRXY01","A1CFIFCWT9WGJW","Approved","Mon Feb 13 14:32:44 PST 2023","Mon Feb 13 14:32:49 PST 2023","Thu Feb 16 14:32:49 PST 2023","Wed Feb 15 08:37:24 PST 2023","","","5","100% (25/25)","100% (25/25)","100% (25/25)","John opens the door to his office desk and picks up a stapler.John places the stapler on the edge of desk.The stapler falls on to the floor.The stapler breaks into two pieces with the loose staples spread all over the floor.John picks up the staples.","implausible","implausible"
"3E9ZFLPWPCO4WF4LLN9YRZQLHHOXIA","327KZ3ZBRH0E88UJA6QYT3C8Z6NPJ0","Tiered Reasoning for Intuitive Physics","Tiered Reasoning for Intuitive Physics","story, plausible, implausible","$0.06","Sat Feb 11 14:53:42 PST 2023","2","BatchId:375637;OriginalHitTemplateId:921587277;","900","259200","Mon May 22 15:53:42 PDT 2023","","","3X0H8UUITGKGOC0L6WCSH2EG7BGSWJ","A1CFIFCWT9WGJW","Approved","Mon Feb 13 14:33:31 PST 2023","Mon Feb 13 14:33:37 PST 2023","Thu Feb 16 14:33:37 PST 2023","Wed Feb 15 08:37:07 PST 2023","","","6","100% (25/25)","100% (25/25)","100% (25/25)","Mary scraped the pasta from the plate into the garbage.Mary put the plate in the sink.Mary put the glass in the sink.Mary put her ice cream in a bowl.Mary gave the ice cream to her mom.","implausible","implausible"
"33W1NHWFZVHJAOKBGHWN2R850Y2ZTQ","327KZ3ZBRH0E88UJA6QYT3C8Z6NPJ0","Tiered Reasoning for Intuitive Physics","Tiered Reasoning for Intuitive Physics","story, plausible, implausible","$0.06","Sat Feb 11 14:53:38 PST 2023","2","BatchId:375637;OriginalHitTemplateId:921587277;","900","259200","Mon May 22 15:53:38 PDT 2023","","","3S0TNUHWK8EZWMLLB31X8NPUO1X8DK","AOSDB00WXVME4","Approved","Sun Feb 12 09:28:37 PST 2023","Sun Feb 12 09:29:55 PST 2023","Wed Feb 15 09:29:55 PST 2023","Wed Feb 15 08:36:53 PST 2023","","","78","100% (21/21)","100% (21/21)","100% (21/21)","John built a tree house for his son.John planned to surprise his son by painting a skateboard and football along with his son's name on the tree house.John took a drink from his water bottle and admired his work.John finished cleaning up all the paint supplies and wiped his forehead with a towel.John watched as his son jumped up and down for joy after seeing his newly-painted tree house.","plausible","plausible"
"3HEA4ZVWWRIJI8PW8X79A7VWJW955Z","327KZ3ZBRH0E88UJA6QYT3C8Z6NPJ0","Tiered Reasoning for Intuitive Physics","Tiered Reasoning for Intuitive Physics","story, plausible, implausible","$0.06","Sat Feb 11 14:53:38 PST 2023","2","BatchId:375637;OriginalHitTemplateId:921587277;","900","259200","Mon May 22 15:53:38 PDT 2023","","","3OWEPKL08O84IK7FQSNUQS5TRLZN70","A3STL1ULVFB8YP","Approved","Mon Feb 13 11:48:55 PST 2023","Mon Feb 13 11:50:11 PST 2023","Thu Feb 16 11:50:11 PST 2023","Wed Feb 15 08:37:11 PST 2023","","","76","100% (109/109)","100% (109/109)","100% (16/16)","John watched as his son jumped up and down for joy after seeing his newly-painted tree house.John planned to surprise his son by painting a skateboard and football along with his son's name on the tree house.John took a drink from his water bottle and admired his work.John finished cleaning up all the paint supplies and wiped his forehead with a towel.John built a tree house for his son.","implausible","implausible"
"39KV3A5D2M3ZBE1Q8MZE12JKOMC7SI","327KZ3ZBRH0E88UJA6QYT3C8Z6NPJ0","Tiered Reasoning for Intuitive Physics","Tiered Reasoning for Intuitive Physics","story, plausible, implausible","$0.06","Sat Feb 11 14:53:53 PST 2023","2","BatchId:375637;OriginalHitTemplateId:921587277;","900","259200","Mon May 22 15:53:53 PDT 2023","","","35DR22AR5SGRTVKWQM7DBDKBOXH3XP","AOSDB00WXVME4","Approved","Sun Feb 12 09:33:28 PST 2023","Sun Feb 12 09:33:43 PST 2023","Wed Feb 15 09:33:43 PST 2023","Wed Feb 15 08:37:02 PST 2023","","","15","100% (21/21)","100% (21/21)","100% (21/21)","Mary sat down in the chair.Mary was tired so she turned off the television.Mary went to bed.Mary turned off the lamp.Mary got out of the chair.","implausible","implausible"
"3BVS8WK9RERXJC1KGRHG22ZTYE1BIG","327KZ3ZBRH0E88UJA6QYT3C8Z6NPJ0","Tiered Reasoning for Intuitive Physics","Tiered Reasoning for Intuitive Physics","story, plausible, implausible","$0.06","Sat Feb 11 14:55:05 PST 2023","2","BatchId:375637;OriginalHitTemplateId:921587277;","900","259200","Mon May 22 15:55:05 PDT 2023","","","3W92K5RLW9D23L254QUO2PLAMI05VE","AOSDB00WXVME4","Approved","Sun Feb 12 09:40:28 PST 2023","Sun Feb 12 09:40:55 PST 2023","Wed Feb 15 09:40:55 PST 2023","Wed Feb 15 08:37:41 PST 2023","","","27","100% (21/21)","100% (21/21)","100% (21/21)","Mary got out of the chair.Mary was tired so she turned off the television.Mary sat down in the chair.Mary turned off the lamp.Mary went to bed.","implausible","plausible"
"3ZG552ORB008H5LOW5NOGYMJCAK2V2","327KZ3ZBRH0E88UJA6QYT3C8Z6NPJ0","Tiered Reasoning for Intuitive Physics","Tiered Reasoning for Intuitive Physics","story, plausible, implausible","$0.06","Sat Feb 11 14:53:53 PST 2023","2","BatchId:375637;OriginalHitTemplateId:921587277;","900","259200","Mon May 22 15:53:53 PDT 2023","","","3EF8EXOTTGRUO81SMEETWBXZFFUJ1V","A27W8C25KKKFXE","Approved","Mon Feb 13 10:46:47 PST 2023","Mon Feb 13 10:47:11 PST 2023","Thu Feb 16 10:47:11 PST 2023","Wed Feb 15 08:37:34 PST 2023","","","24","98% (245/249)","98% (245/249)","100% (19/19)","Mary sat down in the chair.Mary was tired so she turned off the television.Mary got out of the chair.Mary turned off the lamp.Mary went to bed.","implausible","plausible"
"3GL25Y685HQQSYUC627QJSX2YQ8XMQ","327KZ3ZBRH0E88UJA6QYT3C8Z6NPJ0","Tiered Reasoning for Intuitive Physics","Tiered Reasoning for Intuitive Physics","story, plausible, implausible","$0.06","Sat Feb 11 14:53:53 PST 2023","2","BatchId:375637;OriginalHitTemplateId:921587277;","900","259200","Mon May 22 15:53:53 PDT 2023","","","3OB0CAO74WLVN8H5A3IHYLSU98ZHYM","A3STL1ULVFB8YP","Approved","Mon Feb 13 11:44:34 PST 2023","Mon Feb 13 11:44:49 PST 2023","Thu Feb 16 11:44:49 PST 2023","Wed Feb 15 08:37:08 PST 2023","","","15","100% (109/109)","100% (109/109)","100% (16/16)","Mary went to bed.Mary was tired so she turned off the television.Mary got out of the chair.Mary turned off the lamp.Mary sat down in the chair.","implausible","implausible"
"3BPP3MA3UQGXGGLABLGJVQX6IF8ELX","327KZ3ZBRH0E88UJA6QYT3C8Z6NPJ0","Tiered Reasoning for Intuitive Physics","Tiered Reasoning for Intuitive Physics","story, plausible, implausible","$0.06","Sat Feb 11 14:55:06 PST 2023","2","BatchId:375637;OriginalHitTemplateId:921587277;","900","259200","Mon May 22 15:55:06 PDT 2023","","","369J354OFS6F4SCOKE57UUW0VYNG6G","AOSDB00WXVME4","Approved","Sun Feb 12 09:39:31 PST 2023","Sun Feb 12 09:40:05 PST 2023","Wed Feb 15 09:40:05 PST 2023","Wed Feb 15 08:37:03 PST 2023","","","34","100% (21/21)","100% (21/21)","100% (21/21)","Tom took a plate from kitchen and put it on dining table.Tom toasted the bread.Tom applied butter on toasted breads and placed it on plate.Tom mixed some nuts in a cup of hot milk.Tom ate bread with milk and finished his breakfast.","implausible","plausible"
"37VE3DA4Z8DXNHQ0A9ZV2QYEY1MHBT","327KZ3ZBRH0E88UJA6QYT3C8Z6NPJ0","Tiered Reasoning for Intuitive Physics","Tiered Reasoning for Intuitive Physics","story, plausible, implausible","$0.06","Sat Feb 11 14:55:06 PST 2023","2","BatchId:375637;OriginalHitTemplateId:921587277;","900","259200","Mon May 22 15:55:06 PDT 2023","","","3E1QT0TDF45G4X173H28ZK57G658IM","AOSDB00WXVME4","Approved","Sun Feb 12 09:37:39 PST 2023","Sun Feb 12 09:37:54 PST 2023","Wed Feb 15 09:37:54 PST 2023","Wed Feb 15 08:36:59 PST 2023","","","15","100% (21/21)","100% (21/21)","100% (21/21)","Tom took a plate from kitchen and put it on dining table.Tom ate bread with milk and finished his breakfast.Tom applied butter on toasted breads and placed it on plate.Tom mixed some nuts in a cup of hot milk.Tom toasted the bread.","implausible","implausible"
"3W0XM68Y03RNC99GEX93961X46ZK1H","327KZ3ZBRH0E88UJA6QYT3C8Z6NPJ0","Tiered Reasoning for Intuitive Physics","Tiered Reasoning for Intuitive Physics","story, plausible, implausible","$0.06","Sat Feb 11 14:55:06 PST 2023","2","BatchId:375637;OriginalHitTemplateId:921587277;","900","259200","Mon May 22 15:55:06 PDT 2023","","","3LUY3GC63EW4L5JS670MUHAOR01P7Z","A3D6X423KRAI9V","Approved","Mon Feb 13 19:17:19 PST 2023","Mon Feb 13 19:17:52 PST 2023","Thu Feb 16 19:17:52 PST 2023","Wed Feb 15 08:37:32 PST 2023","","","33","100% (6/6)","100% (6/6)","100% (1/1)","Tom took a plate from kitchen and put it on dining table.Tom toasted the bread.Tom applied butter on toasted breads and placed it on plate.Tom ate bread with milk and finished his breakfast.Tom mixed some nuts in a cup of hot milk.","implausible","implausible"
"3NZ1E5QA7DXL7O6597YMDTVOTSV5B0","327KZ3ZBRH0E88UJA6QYT3C8Z6NPJ0","Tiered Reasoning for Intuitive Physics","Tiered Reasoning for Intuitive Physics","story, plausible, implausible","$0.06","Sat Feb 11 14:53:51 PST 2023","2","BatchId:375637;OriginalHitTemplateId:921587277;","900","259200","Mon May 22 15:53:51 PDT 2023","","","35USIKEBN6CLEKTA7II2KE5XWAFN61","A3STL1ULVFB8YP","Approved","Mon Feb 13 11:47:58 PST 2023","Mon Feb 13 11:48:28 PST 2023","Thu Feb 16 11:48:28 PST 2023","Wed Feb 15 08:37:19 PST 2023","","","30","100% (109/109)","100% (109/109)","100% (16/16)","Mary plugged in the hair dryer.Mary turned on the dryer to test it but it did not work.Mary decided to wash her hair with the pink shampoo bottle.Mary used the soap bar to bathe.Mary used the towel to dry her hair.","plausible","plausible"
"3L60IFZKGHE7EUTMA19RO11CTERHH9","327KZ3ZBRH0E88UJA6QYT3C8Z6NPJ0","Tiered Reasoning for Intuitive Physics","Tiered Reasoning for Intuitive Physics","story, plausible, implausible","$0.06","Sat Feb 11 14:55:13 PST 2023","2","BatchId:375637;OriginalHitTemplateId:921587277;","900","259200","Mon May 22 15:55:13 PDT 2023","","","3L0KT67Y8TCKDHVLLXUG2ZZWIJGSYI","A1CFIFCWT9WGJW","Approved","Mon Feb 13 14:34:10 PST 2023","Mon Feb 13 14:34:14 PST 2023","Thu Feb 16 14:34:14 PST 2023","Wed Feb 15 08:37:14 PST 2023","","","4","100% (25/25)","100% (25/25)","100% (25/25)","John drove to the forest in his car.John took out his rope.John took out his chainsaw.John used the chainsaw to cut down the tree.John tied the tree to his car with a rope.","implausible","implausible"
"3NOEP8XAVIYWD1RPYIZI0WRX3VJXPM","327KZ3ZBRH0E88UJA6QYT3C8Z6NPJ0","Tiered Reasoning for Intuitive Physics","Tiered Reasoning for Intuitive Physics","story, plausible, implausible","$0.06","Sat Feb 11 14:54:04 PST 2023","2","BatchId:375637;OriginalHitTemplateId:921587277;","900","259200","Mon May 22 15:54:04 PDT 2023","","","354GIDR5ZQ2NFDFO4N0N01ZTBEJ003","A1CFIFCWT9WGJW","Approved","Mon Feb 13 14:34:05 PST 2023","Mon Feb 13 14:34:10 PST 2023","Thu Feb 16 14:34:10 PST 2023","Wed Feb 15 08:37:17 PST 2023","","","5","100% (25/25)","100% (25/25)","100% (25/25)","Ann took a carton of milk and a cucumber from the fridge.Ann peeled and ate the entire cucumber.Ann poured milk into her glass.Ann carried the milk into the living room.Ann drank the glass of milk.","plausible","plausible"
"3WRAAIUSCXVPQXLN9ZHLA12249KAXK","327KZ3ZBRH0E88UJA6QYT3C8Z6NPJ0","Tiered Reasoning for Intuitive Physics","Tiered Reasoning for Intuitive Physics","story, plausible, implausible","$0.06","Sat Feb 11 14:54:00 PST 2023","2","BatchId:375637;OriginalHitTemplateId:921587277;","900","259200","Mon May 22 15:54:00 PDT 2023","","","3IFS6Q0HJXFYNHGGHF8DGB58S08SI2","A2JX2VIJWXHS4X","Approved","Sat Feb 11 16:26:31 PST 2023","Sat Feb 11 16:26:54 PST 2023","Tue Feb 14 16:26:54 PST 2023","Tue Feb 14 16:27:38 PST 2023","","","23","100% (13/13)","100% (13/13)","100% (13/13)","Mary used scissors to completely cut up her notebook.Mary turned on her table lamp and made a collage with the pieces of paper.Mary used a pencil to draw tiny pictures on parts of the collage.Mary used a copier to make three copies of her collage.Mary put the copies carefully between the pages of a book.","implausible","implausible"
"386T3MLZM1R3AJMX9P805W9W4EZ80J","327KZ3ZBRH0E88UJA6QYT3C8Z6NPJ0","Tiered Reasoning for Intuitive Physics","Tiered Reasoning for Intuitive Physics","story, plausible, implausible","$0.06","Sat Feb 11 14:54:08 PST 2023","2","BatchId:375637;OriginalHitTemplateId:921587277;","900","259200","Mon May 22 15:54:08 PDT 2023","","","3UNH76FOC71HFMIG10YUQQ0QQUYMY0","A27W8C25KKKFXE","Approved","Mon Feb 13 11:40:55 PST 2023","Mon Feb 13 11:42:04 PST 2023","Thu Feb 16 11:42:04 PST 2023","Wed Feb 15 08:37:02 PST 2023","","","69","98% (245/249)","98% (245/249)","100% (19/19)","John arrived at work and sat in his chair.John took the stapler from the drawer.John stapled several pages together.John threw the notebook in the dustbin.John typed on his computer.","plausible","plausible"
"386659BNUZDLZJ2CA4ZLQMMOQ8T01R","327KZ3ZBRH0E88UJA6QYT3C8Z6NPJ0","Tiered Reasoning for Intuitive Physics","Tiered Reasoning for Intuitive Physics","story, plausible, implausible","$0.06","Sat Feb 11 14:54:10 PST 2023","2","BatchId:375637;OriginalHitTemplateId:921587277;","900","259200","Mon May 22 15:54:10 PDT 2023","","","3D8YOU6S9TGY9ADJ4JUOY9XR46Z6U3","A2JX2VIJWXHS4X","Approved","Sat Feb 11 16:27:38 PST 2023","Sat Feb 11 16:27:41 PST 2023","Tue Feb 14 16:27:41 PST 2023","Tue Feb 14 16:28:38 PST 2023","","","3","100% (13/13)","100% (13/13)","100% (13/13)","John locked the window.John unplugged the TV.John walked outside with his flip-flops on.John closed up his suitcase.John turned off the fan.","implausible","implausible"
"37MQ8Z1JRSSPLZGT1GA8NXQDURM2YB","327KZ3ZBRH0E88UJA6QYT3C8Z6NPJ0","Tiered Reasoning for Intuitive Physics","Tiered Reasoning for Intuitive Physics","story, plausible, implausible","$0.06","Sat Feb 11 14:54:10 PST 2023","2","BatchId:375637;OriginalHitTemplateId:921587277;","900","259200","Mon May 22 15:54:10 PDT 2023","","","3RXCAC0YI6L286VCDT25E8SR1TDG82","A1ZH6WKEG9JUJO","Approved","Sun Feb 12 09:45:03 PST 2023","Sun Feb 12 09:45:35 PST 2023","Wed Feb 15 09:45:35 PST 2023","Wed Feb 15 08:36:59 PST 2023","","","32","100% (6/6)","100% (6/6)","100% (6/6)","John locked the window.John walked outside with his flip-flops on.John turned off the fan.John closed up his suitcase.John unplugged the TV.","implausible","implausible"
"311HQEI8S6CWCQN43ETMXVGNB1C7ZN","327KZ3ZBRH0E88UJA6QYT3C8Z6NPJ0","Tiered Reasoning for Intuitive Physics","Tiered Reasoning for Intuitive Physics","story, plausible, implausible","$0.06","Sat Feb 11 14:54:06 PST 2023","2","BatchId:375637;OriginalHitTemplateId:921587277;","900","259200","Mon May 22 15:54:06 PDT 2023","","","3LRKMWOKBKDRD8OSN4HTPOVUQJM2ZH","A1CFIFCWT9WGJW","Approved","Mon Feb 13 14:32:58 PST 2023","Mon Feb 13 14:33:02 PST 2023","Thu Feb 16 14:33:02 PST 2023","Wed Feb 15 08:36:51 PST 2023","","","4","100% (25/25)","100% (25/25)","100% (25/25)","Ann dried her hair with a hair dryer.Ann turned on the faucet.Ann brushed her teeth with toothpaste.Ann threw away her shampoo bottle.Ann went to sleep with a blanket.","plausible","plausible"
"35A1YQPVGSCVUWKBFHQ3ZGZ1OIF5I9","327KZ3ZBRH0E88UJA6QYT3C8Z6NPJ0","Tiered Reasoning for Intuitive Physics","Tiered Reasoning for Intuitive Physics","story, plausible, implausible","$0.06","Sat Feb 11 14:54:14 PST 2023","2","BatchId:375637;OriginalHitTemplateId:921587277;","900","259200","Mon May 22 15:54:14 PDT 2023","","","388U7OUMFMXBF7ZNY0J2KX0GK4IR0S","A1CFIFCWT9WGJW","Approved","Mon Feb 13 14:32:49 PST 2023","Mon Feb 13 14:32:53 PST 2023","Thu Feb 16 14:32:53 PST 2023","Wed Feb 15 08:36:56 PST 2023","","","4","100% (25/25)","100% (25/25)","100% (25/25)","Ann took off her shorts.Ann put her shorts in the washing machine.Ann picked up a toothbrush.Ann brushed her teeth with the toothbrush.Ann put toothpaste on the toothbrush.","implausible","implausible"
"3KA7IJSNXK1P0YOOTM70BZ05KSWBPS","327KZ3ZBRH0E88UJA6QYT3C8Z6NPJ0","Tiered Reasoning for Intuitive Physics","Tiered Reasoning for Intuitive Physics","story, plausible, implausible","$0.06","Sat Feb 11 14:54:14 PST 2023","2","BatchId:375637;OriginalHitTemplateId:921587277;","900","259200","Mon May 22 15:54:14 PDT 2023","","","336KAV9KY5OR8IENRIFABHMSKPI2YQ","A1CFIFCWT9WGJW","Approved","Mon Feb 13 14:32:32 PST 2023","Mon Feb 13 14:32:39 PST 2023","Thu Feb 16 14:32:39 PST 2023","Wed Feb 15 08:37:14 PST 2023","","","7","100% (25/25)","100% (25/25)","100% (25/25)","Ann took off her shorts.Ann put her shorts in the washing machine.Ann picked up a toothbrush.Ann put toothpaste on the toothbrush.Ann brushed her teeth with the toothbrush.","plausible","plausible"
"37Y5RYYI131TQT7HQZ3CV1W8QFQXS2","327KZ3ZBRH0E88UJA6QYT3C8Z6NPJ0","Tiered Reasoning for Intuitive Physics","Tiered Reasoning for Intuitive Physics","story, plausible, implausible","$0.06","Sat Feb 11 14:54:10 PST 2023","2","BatchId:375637;OriginalHitTemplateId:921587277;","900","259200","Mon May 22 15:54:10 PDT 2023","","","3K3R2QNK8QZLRTFH2QX0IJOTU7G9UQ","A2CRQ0XPXN1P0K","Approved","Mon Feb 13 10:49:46 PST 2023","Mon Feb 13 10:50:34 PST 2023","Thu Feb 16 10:50:34 PST 2023","Wed Feb 15 08:36:59 PST 2023","","","48","100% (4/4)","100% (4/4)","100% (4/4)","Ann went to the sandbox and built some castles.Ann saw a squirrel on the fence.Ann was wearing shorts.Ann threw the football to her friends.Ann reached into her duffle bag and got out a football since the tennis court is closed.","implausible","implausible"
"3UY4PIS8R5HOKFUJBA1J1YI1Y141N3","327KZ3ZBRH0E88UJA6QYT3C8Z6NPJ0","Tiered Reasoning for Intuitive Physics","Tiered Reasoning for Intuitive Physics","story, plausible, implausible","$0.06","Sat Feb 11 14:52:01 PST 2023","2","BatchId:375637;OriginalHitTemplateId:921587277;","900","259200","Mon May 22 15:52:01 PDT 2023","","","37WLF8U1W4MK6E87A5QMSMOT2FAK6T","A3STL1ULVFB8YP","Approved","Mon Feb 13 11:42:00 PST 2023","Mon Feb 13 11:42:19 PST 2023","Thu Feb 16 11:42:19 PST 2023","Wed Feb 15 08:37:27 PST 2023","","","19","100% (109/109)","100% (109/109)","100% (16/16)","Tom turned on the stove.Tom put the pan on the stove.Tom cooked some eggs.Tom ate the eggs on the counter.Tom put ice cubes in his water.","plausible","plausible"
"3UY4PIS8R5HOKFUJBA1J1YI1Y141N3","327KZ3ZBRH0E88UJA6QYT3C8Z6NPJ0","Tiered Reasoning for Intuitive Physics","Tiered Reasoning for Intuitive Physics","story, plausible, implausible","$0.06","Sat Feb 11 14:52:01 PST 2023","2","BatchId:375637;OriginalHitTemplateId:921587277;","900","259200","Mon May 22 15:52:01 PDT 2023","","","3V5Q80FXICNQSFHZ2XMKLNQFBON32L","A1CFIFCWT9WGJW","Approved","Mon Feb 13 14:33:27 PST 2023","Mon Feb 13 14:33:31 PST 2023","Thu Feb 16 14:33:31 PST 2023","Wed Feb 15 08:37:27 PST 2023","","","4","100% (25/25)","100% (25/25)","100% (25/25)","Tom turned on the stove.Tom put the pan on the stove.Tom cooked some eggs.Tom ate the eggs on the counter.Tom put ice cubes in his water.","plausible","plausible"
"37M4O367WXEHQFA20WOVR96I5RZ5MP","327KZ3ZBRH0E88UJA6QYT3C8Z6NPJ0","Tiered Reasoning for Intuitive Physics","Tiered Reasoning for Intuitive Physics","story, plausible, implausible","$0.06","Sat Feb 11 14:54:19 PST 2023","2","BatchId:375637;OriginalHitTemplateId:921587277;","900","259200","Mon May 22 15:54:19 PDT 2023","","","3634BBTX03QPJCBUBV8E9CMT3AOFIG","A3STL1ULVFB8YP","Approved","Mon Feb 13 11:42:19 PST 2023","Mon Feb 13 11:42:39 PST 2023","Thu Feb 16 11:42:39 PST 2023","Wed Feb 15 08:36:59 PST 2023","","","20","100% (109/109)","100% (109/109)","100% (16/16)","Mary opened the dustbin.Mary opened the fridge.Mary dropped the cup in the dustbin.Mary took a bowl of cucumbers from the fridge.Mary ate a cucumber.","plausible","plausible"
"37M4O367WXEHQFA20WOVR96I5RZ5MP","327KZ3ZBRH0E88UJA6QYT3C8Z6NPJ0","Tiered Reasoning for Intuitive Physics","Tiered Reasoning for Intuitive Physics","story, plausible, implausible","$0.06","Sat Feb 11 14:54:19 PST 2023","2","BatchId:375637;OriginalHitTemplateId:921587277;","900","259200","Mon May 22 15:54:19 PDT 2023","","","3PQ8K71NHCGFH3BOORU9EDNJTM6AAU","A27W8C25KKKFXE","Approved","Mon Feb 13 11:19:07 PST 2023","Mon Feb 13 11:20:04 PST 2023","Thu Feb 16 11:20:04 PST 2023","Wed Feb 15 08:36:59 PST 2023","","","57","98% (245/249)","98% (245/249)","100% (19/19)","Mary opened the dustbin.Mary opened the fridge.Mary dropped the cup in the dustbin.Mary took a bowl of cucumbers from the fridge.Mary ate a cucumber.","plausible","implausible"
"32TMVRKDH1UK974YSQV2HZZ9LQF84Z","327KZ3ZBRH0E88UJA6QYT3C8Z6NPJ0","Tiered Reasoning for Intuitive Physics","Tiered Reasoning for Intuitive Physics","story, plausible, implausible","$0.06","Sat Feb 11 14:54:19 PST 2023","2","BatchId:375637;OriginalHitTemplateId:921587277;","900","259200","Mon May 22 15:54:19 PDT 2023","","","308Q0PEVBN9GI2KH898MZG0I0CTI9R","A3STL1ULVFB8YP","Approved","Mon Feb 13 11:48:28 PST 2023","Mon Feb 13 11:48:42 PST 2023","Thu Feb 16 11:48:42 PST 2023","Wed Feb 15 08:36:52 PST 2023","","","14","100% (109/109)","100% (109/109)","100% (16/16)","Mary opened the dustbin.Mary opened the fridge.Mary dropped the cup in the dustbin.Mary ate a cucumber.Mary took a bowl of cucumbers from the fridge.","implausible","plausible"
"32TMVRKDH1UK974YSQV2HZZ9LQF84Z","327KZ3ZBRH0E88UJA6QYT3C8Z6NPJ0","Tiered Reasoning for Intuitive Physics","Tiered Reasoning for Intuitive Physics","story, plausible, implausible","$0.06","Sat Feb 11 14:54:19 PST 2023","2","BatchId:375637;OriginalHitTemplateId:921587277;","900","259200","Mon May 22 15:54:19 PDT 2023","","","35GCEFQ6IKKGYQKBR4VY8Y0MWXBZ3E","A2JX2VIJWXHS4X","Approved","Sat Feb 11 16:27:36 PST 2023","Sat Feb 11 16:27:38 PST 2023","Tue Feb 14 16:27:38 PST 2023","Tue Feb 14 16:28:38 PST 2023","","","2","100% (13/13)","100% (13/13)","100% (13/13)","Mary opened the dustbin.Mary opened the fridge.Mary dropped the cup in the dustbin.Mary ate a cucumber.Mary took a bowl of cucumbers from the fridge.","implausible","plausible"
"3UV0D2KX20FTOMEL0418RRGV8US4FC","327KZ3ZBRH0E88UJA6QYT3C8Z6NPJ0","Tiered Reasoning for Intuitive Physics","Tiered Reasoning for Intuitive Physics","story, plausible, implausible","$0.06","Sat Feb 11 14:52:20 PST 2023","2","BatchId:375637;OriginalHitTemplateId:921587277;","900","259200","Mon May 22 15:52:20 PDT 2023","","","3TEM0PF1QKTHEXGIGZOIF8JC53RD08","A27W8C25KKKFXE","Approved","Mon Feb 13 11:40:11 PST 2023","Mon Feb 13 11:40:29 PST 2023","Thu Feb 16 11:40:29 PST 2023","Wed Feb 15 08:37:26 PST 2023","","","18","98% (245/249)","98% (245/249)","100% (19/19)","John turned on the faucet.John looked around for detergent but did not find it.John found a soap bar in the cabinet.John picked up a brush.John used the soap bar and brush to clean the faucet.","plausible","plausible"
"3UV0D2KX20FTOMEL0418RRGV8US4FC","327KZ3ZBRH0E88UJA6QYT3C8Z6NPJ0","Tiered Reasoning for Intuitive Physics","Tiered Reasoning for Intuitive Physics","story, plausible, implausible","$0.06","Sat Feb 11 14:52:20 PST 2023","2","BatchId:375637;OriginalHitTemplateId:921587277;","900","259200","Mon May 22 15:52:20 PDT 2023","","","3ZV9H2YQQS3C4VF6GHBR9U64FVB3WW","AOSDB00WXVME4","Approved","Sun Feb 12 09:32:37 PST 2023","Sun Feb 12 09:33:05 PST 2023","Wed Feb 15 09:33:05 PST 2023","Wed Feb 15 08:37:27 PST 2023","","","28","100% (21/21)","100% (21/21)","100% (21/21)","John turned on the faucet.John looked around for detergent but did not find it.John found a soap bar in the cabinet.John picked up a brush.John used the soap bar and brush to clean the faucet.","plausible","plausible"
"3OJX0UFJ1D3J4AHNCOSYUZSE49L9UC","327KZ3ZBRH0E88UJA6QYT3C8Z6NPJ0","Tiered Reasoning for Intuitive Physics","Tiered Reasoning for Intuitive Physics","story, plausible, implausible","$0.06","Sat Feb 11 14:52:24 PST 2023","2","BatchId:375637;OriginalHitTemplateId:921587277;","900","259200","Mon May 22 15:52:24 PDT 2023","","","30OG32W0S97PRZMPD010W2XAD83END","A2CRQ0XPXN1P0K","Approved","Mon Feb 13 10:51:19 PST 2023","Mon Feb 13 10:51:36 PST 2023","Thu Feb 16 10:51:36 PST 2023","Wed Feb 15 08:37:21 PST 2023","","","17","100% (4/4)","100% (4/4)","100% (4/4)","Tom desired to make a cake.Tom blended flour, butter and egg together.Tom put the dough into the oven.Tom set the timer in the oven.Tom washed his hands under the faucet.","plausible","plausible"
"3OJX0UFJ1D3J4AHNCOSYUZSE49L9UC","327KZ3ZBRH0E88UJA6QYT3C8Z6NPJ0","Tiered Reasoning for Intuitive Physics","Tiered Reasoning for Intuitive Physics","story, plausible, implausible","$0.06","Sat Feb 11 14:52:24 PST 2023","2","BatchId:375637;OriginalHitTemplateId:921587277;","900","259200","Mon May 22 15:52:24 PDT 2023","","","3A1COHJ8NYRG82QNXZKNZ84SGTQ8HT","AOSDB00WXVME4","Approved","Sun Feb 12 09:33:44 PST 2023","Sun Feb 12 09:34:00 PST 2023","Wed Feb 15 09:34:00 PST 2023","Wed Feb 15 08:37:21 PST 2023","","","16","100% (21/21)","100% (21/21)","100% (21/21)","Tom desired to make a cake.Tom blended flour, butter and egg together.Tom put the dough into the oven.Tom set the timer in the oven.Tom washed his hands under the faucet.","plausible","plausible"
"3566S7OX6RFZHU2WV3KU51WBYMZ71Y","327KZ3ZBRH0E88UJA6QYT3C8Z6NPJ0","Tiered Reasoning for Intuitive Physics","Tiered Reasoning for Intuitive Physics","story, plausible, implausible","$0.06","Sat Feb 11 14:52:31 PST 2023","2","BatchId:375637;OriginalHitTemplateId:921587277;","900","259200","Mon May 22 15:52:31 PDT 2023","","","34MAJL3QPJJ0VTWM6B58E2NDV2C43B","A1ZH6WKEG9JUJO","Approved","Sun Feb 12 09:41:08 PST 2023","Sun Feb 12 09:43:19 PST 2023","Wed Feb 15 09:43:19 PST 2023","Wed Feb 15 08:36:53 PST 2023","","","131","100% (6/6)","100% (6/6)","100% (6/6)","Tom packed his axe for the camping trip.Tom used his drill to build a ramp.Tom got out his hammer and finished the ramp.Tom realized he had a flat bicycle tire.Tom was not able to try out his bicycle tricks.","plausible","plausible"
"3566S7OX6RFZHU2WV3KU51WBYMZ71Y","327KZ3ZBRH0E88UJA6QYT3C8Z6NPJ0","Tiered Reasoning for Intuitive Physics","Tiered Reasoning for Intuitive Physics","story, plausible, implausible","$0.06","Sat Feb 11 14:52:31 PST 2023","2","BatchId:375637;OriginalHitTemplateId:921587277;","900","259200","Mon May 22 15:52:31 PDT 2023","","","3JJVG1YBEQTNU74ZZ93O1DR3JQKB5E","AOSDB00WXVME4","Approved","Sun Feb 12 09:33:06 PST 2023","Sun Feb 12 09:33:27 PST 2023","Wed Feb 15 09:33:27 PST 2023","Wed Feb 15 08:36:56 PST 2023","","","21","100% (21/21)","100% (21/21)","100% (21/21)","Tom packed his axe for the camping trip.Tom used his drill to build a ramp.Tom got out his hammer and finished the ramp.Tom realized he had a flat bicycle tire.Tom was not able to try out his bicycle tricks.","plausible","plausible"
"3YD0MU1NDGXVBIFWRMDNG2PE2G5A7P","327KZ3ZBRH0E88UJA6QYT3C8Z6NPJ0","Tiered Reasoning for Intuitive Physics","Tiered Reasoning for Intuitive Physics","story, plausible, implausible","$0.06","Sat Feb 11 14:52:56 PST 2023","2","BatchId:375637;OriginalHitTemplateId:921587277;","900","259200","Mon May 22 15:52:56 PDT 2023","","","323Q6SJS8XCPNH0A5DQT90LE3X9FHN","A27W8C25KKKFXE","Approved","Mon Feb 13 11:42:05 PST 2023","Mon Feb 13 11:42:34 PST 2023","Thu Feb 16 11:42:34 PST 2023","Wed Feb 15 08:37:32 PST 2023","","","29","98% (245/249)","98% (245/249)","100% (19/19)","Mary took out pasta from the fridge.Mary put the pasta in the microwave.Mary turned on the microwave.Mary took out ice cream.Mary ate the ice cream with a spoon.","plausible","plausible"
"3YD0MU1NDGXVBIFWRMDNG2PE2G5A7P","327KZ3ZBRH0E88UJA6QYT3C8Z6NPJ0","Tiered Reasoning for Intuitive Physics","Tiered Reasoning for Intuitive Physics","story, plausible, implausible","$0.06","Sat Feb 11 14:52:56 PST 2023","2","BatchId:375637;OriginalHitTemplateId:921587277;","900","259200","Mon May 22 15:52:56 PDT 2023","","","3QILPRALQKR8IYCY0XF04S1O25Z8N2","A1ZH6WKEG9JUJO","Approved","Sun Feb 12 09:43:46 PST 2023","Sun Feb 12 09:44:04 PST 2023","Wed Feb 15 09:44:04 PST 2023","Wed Feb 15 08:37:33 PST 2023","","","18","100% (6/6)","100% (6/6)","100% (6/6)","Mary took out pasta from the fridge.Mary put the pasta in the microwave.Mary turned on the microwave.Mary took out ice cream.Mary ate the ice cream with a spoon.","plausible","plausible"
"3ACRLU8611AL37ZYK8RPHN116LUBE7","327KZ3ZBRH0E88UJA6QYT3C8Z6NPJ0","Tiered Reasoning for Intuitive Physics","Tiered Reasoning for Intuitive Physics","story, plausible, implausible","$0.06","Sat Feb 11 14:54:56 PST 2023","2","BatchId:375637;OriginalHitTemplateId:921587277;","900","259200","Mon May 22 15:54:56 PDT 2023","","","38BQUHLA9BW5L8EEVDPWOZ2OCKZOMR","A3STL1ULVFB8YP","Approved","Mon Feb 13 11:34:37 PST 2023","Mon Feb 13 11:39:54 PST 2023","Thu Feb 16 11:39:54 PST 2023","Wed Feb 15 08:37:02 PST 2023","","","317","100% (109/109)","100% (109/109)","100% (16/16)","Tom preheated the oven.Tom used a spoon to mix egg milk, butter, flour and some other things to make cake batter.Tom cut up an orange with a knife.Tom put the cake batter into the oven.Tom washed the batter bowl in the sink.Tom ate the cake for dinner.","plausible","plausible"
"3ACRLU8611AL37ZYK8RPHN116LUBE7","327KZ3ZBRH0E88UJA6QYT3C8Z6NPJ0","Tiered Reasoning for Intuitive Physics","Tiered Reasoning for Intuitive Physics","story, plausible, implausible","$0.06","Sat Feb 11 14:54:56 PST 2023","2","BatchId:375637;OriginalHitTemplateId:921587277;","900","259200","Mon May 22 15:54:56 PDT 2023","","","3ZSY5X72NC7WIOR60LLDAYWYI7YORF","A27W8C25KKKFXE","Approved","Mon Feb 13 11:39:28 PST 2023","Mon Feb 13 11:40:10 PST 2023","Thu Feb 16 11:40:10 PST 2023","Wed Feb 15 08:37:03 PST 2023","","","42","98% (245/249)","98% (245/249)","100% (19/19)","Tom preheated the oven.Tom used a spoon to mix egg milk, butter, flour and some other things to make cake batter.Tom cut up an orange with a knife.Tom put the cake batter into the oven.Tom washed the batter bowl in the sink.Tom ate the cake for dinner.","plausible","plausible"
"3TRB893CTX6WL9SZDM5XCO0H0BI7GY","327KZ3ZBRH0E88UJA6QYT3C8Z6NPJ0","Tiered Reasoning for Intuitive Physics","Tiered Reasoning for Intuitive Physics","story, plausible, implausible","$0.06","Sat Feb 11 14:53:12 PST 2023","2","BatchId:375637;OriginalHitTemplateId:921587277;","900","259200","Mon May 22 15:53:12 PDT 2023","","","35GCEFQ6IKKGYQKBR4VY8Y0MWXF3ZM","AOSDB00WXVME4","Approved","Sun Feb 12 09:34:00 PST 2023","Sun Feb 12 09:34:20 PST 2023","Wed Feb 15 09:34:20 PST 2023","Wed Feb 15 08:37:23 PST 2023","","","20","100% (21/21)","100% (21/21)","100% (21/21)","Ann took off her shoes.Ann opened the door.Ann unplugged the TV from the power outlet.Ann sat on the couch.Ann played with the playing cards.","plausible","plausible"
"3TRB893CTX6WL9SZDM5XCO0H0BI7GY","327KZ3ZBRH0E88UJA6QYT3C8Z6NPJ0","Tiered Reasoning for Intuitive Physics","Tiered Reasoning for Intuitive Physics","story, plausible, implausible","$0.06","Sat Feb 11 14:53:12 PST 2023","2","BatchId:375637;OriginalHitTemplateId:921587277;","900","259200","Mon May 22 15:53:12 PDT 2023","","","3G5F9DBFO4TEJEM05SVXRMO0RRXVHR","A1CFIFCWT9WGJW","Approved","Mon Feb 13 14:32:25 PST 2023","Mon Feb 13 14:32:32 PST 2023","Thu Feb 16 14:32:32 PST 2023","Wed Feb 15 08:37:23 PST 2023","","","7","100% (25/25)","100% (25/25)","100% (25/25)","Ann took off her shoes.Ann opened the door.Ann unplugged the TV from the power outlet.Ann sat on the couch.Ann played with the playing cards.","plausible","plausible"
"3VMHWJRYI9CKMO2VKF3DO2DT1PWXFJ","327KZ3ZBRH0E88UJA6QYT3C8Z6NPJ0","Tiered Reasoning for Intuitive Physics","Tiered Reasoning for Intuitive Physics","story, plausible, implausible","$0.06","Sat Feb 11 14:53:32 PST 2023","2","BatchId:375637;OriginalHitTemplateId:921587277;","900","259200","Mon May 22 15:53:32 PDT 2023","","","36NEMU28XU9DQHNGMZG65TFAFMYMW1","A3STL1ULVFB8YP","Approved","Mon Feb 13 11:40:17 PST 2023","Mon Feb 13 11:41:03 PST 2023","Thu Feb 16 11:41:03 PST 2023","Wed Feb 15 08:37:30 PST 2023","","","46","100% (109/109)","100% (109/109)","100% (16/16)","John opens the door to his office desk and picks up a stapler.John places the stapler on the edge of desk.The stapler falls on to the floor.The stapler breaks into two pieces with the loose staples spread all over the floor.John picks up the staples.","implausible","plausible"
"3VMHWJRYI9CKMO2VKF3DO2DT1PWXFJ","327KZ3ZBRH0E88UJA6QYT3C8Z6NPJ0","Tiered Reasoning for Intuitive Physics","Tiered Reasoning for Intuitive Physics","story, plausible, implausible","$0.06","Sat Feb 11 14:53:32 PST 2023","2","BatchId:375637;OriginalHitTemplateId:921587277;","900","259200","Mon May 22 15:53:32 PDT 2023","","","3AZHRG4CUJGJW5ELNAI62ZX0EQ3301","A1CFIFCWT9WGJW","Approved","Mon Feb 13 14:33:08 PST 2023","Mon Feb 13 14:33:12 PST 2023","Thu Feb 16 14:33:12 PST 2023","Wed Feb 15 08:37:30 PST 2023","","","4","100% (25/25)","100% (25/25)","100% (25/25)","John opens the door to his office desk and picks up a stapler.John places the stapler on the edge of desk.The stapler falls on to the floor.The stapler breaks into two pieces with the loose staples spread all over the floor.John picks up the staples.","implausible","implausible"